path,label
../data/processed\scissors\processed_Z6CURxA1iRNhTzO9.png,2
../data/processed\scissors\processed_MfDDFjVkEdWKPi2X.png,2
../data/processed\rock\processed_BOswKcczxw8dC4kY.png,0
../data/processed\paper\processed_RmTijOM3U31zKnrY.png,1
../data/processed\paper\processed_2F8Ng7620ANA7tEK.png,1
../data/processed\scissors\processed_o3cajP31029qBUIX.png,2
../data/processed\scissors\processed_UO03gubyPNMaJ8pj.png,2
../data/processed\paper\processed_KOlOsNsrUdQonYpp.png,1
../data/processed\rock\processed_gjdBDXv7avQwgTr3.png,0
../data/processed\rock\processed_XQVw2vKQl0dywWDc.png,0
../data/processed\scissors\processed_Y2lr5d6VnNfievnA.png,2
../data/processed\rock\processed_H5UvLsMVpHQH2q0i.png,0
../data/processed\paper\processed_AfvIbTwxuG0q7Ij1.png,1
../data/processed\paper\processed_SboHPaPEPBqkkTUX.png,1
../data/processed\rock\processed_aEjSJwrTtf651GLm.png,0
../data/processed\scissors\processed_IdrewaHdlHRrNHbJ.png,2
../data/processed\rock\processed_nmxmRD1050oGpGEa.png,0
../data/processed\scissors\processed_VSitIYv6wmfRhoKj.png,2
../data/processed\rock\processed_F9aco7lZecystG3Z.png,0
../data/processed\scissors\processed_SMQFKEq55U7752xf.png,2
../data/processed\rock\processed_Xt7qc6XbbZ4OcpW6.png,0
../data/processed\rock\processed_N3Qml9f8reG31r5b.png,0
../data/processed\paper\processed_sZyZICXHv0ArIZFw.png,1
../data/processed\rock\processed_5EEdNZWT8M9PThPB.png,0
../data/processed\rock\processed_6TEsyzE1MEK6Xg31.png,0
../data/processed\rock\processed_VnSCn5IIg7m8d9Os.png,0
../data/processed\rock\processed_rBGSBjzYhvdPSDV0.png,0
../data/processed\rock\processed_fnIIkyRgH6znwmNp.png,0
../data/processed\rock\processed_bC8Fki1Na2rRSlBG.png,0
../data/processed\paper\processed_BH9zAUdmmjlfXwtS.png,1
../data/processed\paper\processed_5jcXrtjEVtQwI0Wa.png,1
../data/processed\paper\processed_4ZoU4nouZzb9G2MI.png,1
../data/processed\paper\processed_oqJ2wJHOLMGGxdjF.png,1
../data/processed\paper\processed_1Dfw5FRlS4h60JPX.png,1
../data/processed\rock\processed_OQpJdqlKKADyIvtb.png,0
../data/processed\rock\processed_YllhyQANozETi3MM.png,0
../data/processed\scissors\processed_nHMXDFvdVQ8Vb0F7.png,2
../data/processed\paper\processed_yM5JZ5J4uLeYIGOO.png,1
../data/processed\paper\processed_nPEUpKKphLYH3Bjy.png,1
../data/processed\paper\processed_s4dtRIGK3emNyjrO.png,1
../data/processed\paper\processed_NS5CJKNsJa9jr5j4.png,1
../data/processed\rock\processed_O0YV4V0z2pe4kxwx.png,0
../data/processed\scissors\processed_w58UIOAxkjM2L3AO.png,2
../data/processed\paper\processed_oWI7JL85eXDhRFcV.png,1
../data/processed\scissors\processed_bAQiTy59XVNlKqc4.png,2
../data/processed\rock\processed_8xToYACSoKU0swum.png,0
../data/processed\rock\processed_1wk2Hl1Ih9guOwx6.png,0
../data/processed\paper\processed_nb6CUTNhXBAmjFp9.png,1
../data/processed\scissors\processed_Eodp43S6sgfxeCST.png,2
../data/processed\scissors\processed_e5dFezMV6TxIvNXA.png,2
../data/processed\paper\processed_CpDMCILKUN2AUA1A.png,1
../data/processed\paper\processed_vvM7nA8hZJD5b9CL.png,1
../data/processed\rock\processed_QkABhOUYBbDXL7VF.png,0
../data/processed\paper\processed_CHf3O6SDtuPbbD0s.png,1
../data/processed\paper\processed_5Iz9WPYz1C3PKWxj.png,1
../data/processed\rock\processed_QdUOXLvrrFZbV5G6.png,0
../data/processed\scissors\processed_UPH9bl4Vrq4Gwp3K.png,2
../data/processed\rock\processed_HWvrWXLQywNe1aCF.png,0
../data/processed\scissors\processed_s3L79HfHyX9tyTS0.png,2
../data/processed\scissors\processed_fRMSey1LBvG1TRWj.png,2
../data/processed\scissors\processed_lSAWzGgHunaNt7jj.png,2
../data/processed\paper\processed_ngFDxBhhLQzs7JAH.png,1
../data/processed\scissors\processed_Z1leFM4TO5u2eSaI.png,2
../data/processed\scissors\processed_5inLBb6qZY0gpX3b.png,2
../data/processed\rock\processed_pmukoZQITHhWvDDb.png,0
../data/processed\scissors\processed_RPQtLp789cqfKEQE.png,2
../data/processed\scissors\processed_Ckqc5ia9xteRont9.png,2
../data/processed\scissors\processed_vMAludIRGF14FuGn.png,2
../data/processed\scissors\processed_xgFgqnPJIU3u1ZqY.png,2
../data/processed\rock\processed_zrrYLvM2uywyFwRy.png,0
../data/processed\paper\processed_coKLsdqkvkYUv247.png,1
../data/processed\scissors\processed_oxU5O3n839QvrOGu.png,2
../data/processed\scissors\processed_XyUSCoWQqR72pGt8.png,2
../data/processed\paper\processed_2UKnsncgPodQLOFR.png,1
../data/processed\paper\processed_JsryGUQahbbNkrlP.png,1
../data/processed\rock\processed_5uXiqEc4q2Vi0NCX.png,0
../data/processed\rock\processed_D7Ykcj1tYAannu8h.png,0
../data/processed\paper\processed_eW9ezZkV7Jxu1BEk.png,1
../data/processed\paper\processed_14K62H4KG1hg5qiJ.png,1
../data/processed\rock\processed_94oKRQFyit6SANlq.png,0
../data/processed\scissors\processed_RydyYWgvhLQPwEaw.png,2
../data/processed\rock\processed_SlAF95clUBus3B4a.png,0
../data/processed\paper\processed_SoqluLecSTBcuyoS.png,1
../data/processed\rock\processed_i1GxDtZ5awTW7Rsf.png,0
../data/processed\paper\processed_yaRRMcZS7JJ3xLK1.png,1
../data/processed\scissors\processed_TxkHaqZ5Mg3Jfs80.png,2
../data/processed\paper\processed_n8IzyztMwnfa5rjf.png,1
../data/processed\paper\processed_U5WsclDnMxnOTgGT.png,1
../data/processed\paper\processed_BI9YnLkJ5wFZe6w8.png,1
../data/processed\paper\processed_eaOtD5yLQHTuFTz3.png,1
../data/processed\scissors\processed_QbAO4VZw7Jlcenou.png,2
../data/processed\scissors\processed_b6laDVaqf5K3aQvH.png,2
../data/processed\rock\processed_F9QovHPXetKcOokD.png,0
../data/processed\paper\processed_37PRV3B9HxuUPkQr.png,1
../data/processed\paper\processed_H8cGdqeAOdIyIMO5.png,1
../data/processed\paper\processed_UJdZdj6nyFRHVFEg.png,1
../data/processed\rock\processed_fQPCA8oYZ8ywDgyv.png,0
../data/processed\paper\processed_HTETrKtTEB31pvsK.png,1
../data/processed\rock\processed_qiysAN26ClLYOZfG.png,0
../data/processed\scissors\processed_mBHQsHWDcRvtLIKC.png,2
../data/processed\rock\processed_Aa9hY8wo2ixaUNKH.png,0
../data/processed\rock\processed_HLf2liRRQ2FM3PWB.png,0
../data/processed\rock\processed_QF1S0sqb6YGe4GNP.png,0
../data/processed\scissors\processed_PcrxANaDvhRnDlxq.png,2
../data/processed\rock\processed_XdWXMPZZwwXhwYGI.png,0
../data/processed\scissors\processed_AqQ5Xll9nVqJODji.png,2
../data/processed\rock\processed_RJSM8dpspJB6ckmX.png,0
../data/processed\scissors\processed_Dl9fg6ttVQY9U28G.png,2
../data/processed\paper\processed_mkUctpckc3vjOwKa.png,1
../data/processed\paper\processed_0a3UtNzl5Ll3sq8K.png,1
../data/processed\scissors\processed_mIFCv2K3nBdTMjku.png,2
../data/processed\scissors\processed_0CSaM2vL2cWX6Cay.png,2
../data/processed\rock\processed_vL6UMd1OOIGuEdFu.png,0
../data/processed\rock\processed_cY3jY96VetFq6Ayp.png,0
../data/processed\rock\processed_3aRXheNUQ6cxechp.png,0
../data/processed\rock\processed_32PDtFdAkUiAJbmP.png,0
../data/processed\paper\processed_yPnREvUeAGYRKi7V.png,1
../data/processed\paper\processed_68QZtdP6UaIcIE55.png,1
../data/processed\rock\processed_evxvBwQgL8Kvv67C.png,0
../data/processed\rock\processed_Q7EjH9y5ipAktIG6.png,0
../data/processed\scissors\processed_fYsFOMTEQ0VIy1Ma.png,2
../data/processed\scissors\processed_hzvSpM4olIqXfeVt.png,2
../data/processed\rock\processed_5SeLlZliRJtZAnIZ.png,0
../data/processed\rock\processed_qYTvWILCYIauIMkW.png,0
../data/processed\rock\processed_PxixapAFqLmRaP6k.png,0
../data/processed\scissors\processed_95NcnE0omOzXLqs3.png,2
../data/processed\scissors\processed_T8GWcDJlUuzt12VL.png,2
../data/processed\paper\processed_QWT9FOhLABPyKIUA.png,1
../data/processed\paper\processed_1yeoLbmp4alVOtFv.png,1
../data/processed\rock\processed_UEdiy4khJQHK0ofn.png,0
../data/processed\paper\processed_Ht08RX3DQCSdl9Sy.png,1
../data/processed\paper\processed_BTG0fjXM09DyD4sh.png,1
../data/processed\rock\processed_JslFc8olsoXrWyG0.png,0
../data/processed\scissors\processed_9wjorYJt2c8t6y5Q.png,2
../data/processed\rock\processed_6ZWuYAkiYnDTDa2N.png,0
../data/processed\rock\processed_B4x3aTJOO6e3BIIX.png,0
../data/processed\rock\processed_xy6EzMBW1U0aWDhr.png,0
../data/processed\rock\processed_T0Ac7jx8YlCdhjXB.png,0
../data/processed\scissors\processed_HqB3HFyK3VvZha0Y.png,2
../data/processed\scissors\processed_Tghe750qrbh7MMpP.png,2
../data/processed\scissors\processed_UTc5RnTVPMdKnVPL.png,2
../data/processed\paper\processed_COmibsBioPBur0V9.png,1
../data/processed\scissors\processed_JtDq2l0qrhsysghx.png,2
../data/processed\scissors\processed_TYXCfgUSBF8L7HZK.png,2
../data/processed\scissors\processed_Vn28McGu6NtjoMsb.png,2
../data/processed\rock\processed_51TTZXCnAuk3Ck6s.png,0
../data/processed\scissors\processed_jVsCBh8HQczKdHci.png,2
../data/processed\paper\processed_VstDOeRm7czrAOO9.png,1
../data/processed\rock\processed_lpmH56YGWEHsmhBi.png,0
../data/processed\scissors\processed_8Q1PAZsxpLf5FAo6.png,2
../data/processed\scissors\processed_jy6fSFQ1ynecl3P7.png,2
../data/processed\paper\processed_C9tAvywdtjDTnllg.png,1
../data/processed\scissors\processed_6TMYdUMhaEWHQOcc.png,2
../data/processed\scissors\processed_GfBCXN6UyOkkwshw.png,2
../data/processed\paper\processed_Lui3J5YhKgMvk673.png,1
../data/processed\scissors\processed_OvlZhZPWYPjouJIM.png,2
../data/processed\rock\processed_iCLIvwweBESAwx4z.png,0
../data/processed\rock\processed_fK7m8vZQS1RUHcMr.png,0
../data/processed\rock\processed_84UHPxArtBOr8GF2.png,0
../data/processed\rock\processed_4vXhIZv7KkPhyfX9.png,0
../data/processed\scissors\processed_TTISkHEEyMVpUk5B.png,2
../data/processed\scissors\processed_ro7qIekrW8rAUNH1.png,2
../data/processed\scissors\processed_9VLUR3WfMvIdEMrO.png,2
../data/processed\paper\processed_URj0hmH1Y9lNObL9.png,1
../data/processed\scissors\processed_JjS0KakWxwXmg5Wi.png,2
../data/processed\rock\processed_EcChvTuoNsCzjFUQ.png,0
../data/processed\rock\processed_mN2Tm82UB8XH1eNs.png,0
../data/processed\scissors\processed_o1cPo5Z2YLfTz2vJ.png,2
../data/processed\scissors\processed_fNhHWQTLa9YBoIo2.png,2
../data/processed\rock\processed_7cNxwgrraQGeA1LA.png,0
../data/processed\paper\processed_qtYZl1WPMxaH5KQV.png,1
../data/processed\scissors\processed_oYB271o4Oo5uFHpW.png,2
../data/processed\paper\processed_Ih5Z5Z3xFZ17IcZS.png,1
../data/processed\rock\processed_ktvHAgLHY7YAY1Af.png,0
../data/processed\paper\processed_H8n0niVYdIGNGE0d.png,1
../data/processed\paper\processed_27XFtQjjXQ8AP8Tl.png,1
../data/processed\rock\processed_7xID6kq32pdkEBIe.png,0
../data/processed\rock\processed_rGh56uZVxk2MZLWF.png,0
../data/processed\paper\processed_p81Lb4bD6fEvkSQ0.png,1
../data/processed\rock\processed_CKLOvn69epi2Qcxg.png,0
../data/processed\paper\processed_XNUalPNmCkHhYk1i.png,1
../data/processed\rock\processed_wI8gSJIe2tzwPSub.png,0
../data/processed\rock\processed_2uVMdMj10yjpR6Py.png,0
../data/processed\scissors\processed_fu07mFhmsJAtiPwr.png,2
../data/processed\paper\processed_4fCqIVTEuFLsQMaZ.png,1
../data/processed\scissors\processed_DcbHRGWKeOdFBzEs.png,2
../data/processed\rock\processed_Gr80cGhz5I8abSjg.png,0
../data/processed\scissors\processed_PV4JNT7EUevp0FDj.png,2
../data/processed\rock\processed_JOaPrPIINVvoI9l4.png,0
../data/processed\scissors\processed_VrHis8ru9xXA5Lqh.png,2
../data/processed\paper\processed_hUDN2qXDxjoGBWqu.png,1
../data/processed\rock\processed_5nKDkVzIMQWmtReM.png,0
../data/processed\paper\processed_d5FmD95HmhodiITj.png,1
../data/processed\paper\processed_wytuIz48uLeDoGqz.png,1
../data/processed\scissors\processed_sem0kkR24VbSRmAc.png,2
../data/processed\rock\processed_Q7dUVly6sK3jyeMM.png,0
../data/processed\rock\processed_7wFK6yhjKaNkhwZs.png,0
../data/processed\rock\processed_V3wtZLDoj8UyjEh4.png,0
../data/processed\rock\processed_G1MuiTHGqQ6CN122.png,0
../data/processed\paper\processed_Om6b4BvZS49QNNFV.png,1
../data/processed\paper\processed_SrSUeH255dybz2zi.png,1
../data/processed\paper\processed_UE6Ao0ZqJbQ1R1R5.png,1
../data/processed\rock\processed_UDjD30Rke7seRcaD.png,0
../data/processed\paper\processed_MKnNPdRtHfgr6ZbI.png,1
../data/processed\rock\processed_R5nXVOQnotizkrJB.png,0
../data/processed\scissors\processed_RbjC5b9sd5JtTlOf.png,2
../data/processed\paper\processed_dftjUImANb0Q9pMA.png,1
../data/processed\paper\processed_xR8mRBEdYAbokAEk.png,1
../data/processed\rock\processed_6HFAfRozG6L6n9fl.png,0
../data/processed\rock\processed_FqRqtazi3LD2vwsr.png,0
../data/processed\rock\processed_tgpoZwVYq6VIfho8.png,0
../data/processed\paper\processed_jl6AlteXSalbS3rG.png,1
../data/processed\rock\processed_dwcRLIlsRlaRevNn.png,0
../data/processed\rock\processed_96Sw16ZnG0zF8Qo0.png,0
../data/processed\scissors\processed_WGm4eYxzwqkTKaQs.png,2
../data/processed\scissors\processed_2gd0aqAxW55bHZP9.png,2
../data/processed\rock\processed_DHqDt7x3dw4jZmp9.png,0
../data/processed\rock\processed_dZ6rscIYTbmlwVZE.png,0
../data/processed\scissors\processed_HGhHQ3uNh7XFl2ar.png,2
../data/processed\rock\processed_yJeAgusgncrC0SBZ.png,0
../data/processed\scissors\processed_xfdYfkrgEZ2fuuck.png,2
../data/processed\paper\processed_rSRKkten7Ffx6bEj.png,1
../data/processed\scissors\processed_JWz75J1U5sGr1FH2.png,2
../data/processed\rock\processed_QSa6ILjZeRdKM5Fz.png,0
../data/processed\rock\processed_wcL0C9QgqDYxaj3W.png,0
../data/processed\rock\processed_1COBZEE1ALiJIivQ.png,0
../data/processed\rock\processed_hOgtdOKps4GHrC05.png,0
../data/processed\scissors\processed_1WX9KKoq0nkWiTxI.png,2
../data/processed\scissors\processed_1lEpWTJDphkm3HdC.png,2
../data/processed\scissors\processed_xOdLJOH2sxWkgRTS.png,2
../data/processed\scissors\processed_46fOqpoVsNjc9m9m.png,2
../data/processed\rock\processed_lXb5SpRU737FgSN8.png,0
../data/processed\paper\processed_eBjRjXUIy7fpUaRy.png,1
../data/processed\scissors\processed_Eolm0Lo5dzVwDYqB.png,2
../data/processed\scissors\processed_5QHP8zydBsbWyt4T.png,2
../data/processed\scissors\processed_CiZDoU3BINzzruL8.png,2
../data/processed\paper\processed_a9SyLOjQZE4llCvX.png,1
../data/processed\paper\processed_A0Dgq561RAiluT9p.png,1
../data/processed\scissors\processed_evBSpeXRlbUu82CV.png,2
../data/processed\rock\processed_mJ0RjteYaLfYLE9P.png,0
../data/processed\paper\processed_Httje79JB2p6ePf0.png,1
../data/processed\scissors\processed_lhD4U5er2UL6nfAH.png,2
../data/processed\scissors\processed_m7ELYBy0O4wx0YqJ.png,2
../data/processed\paper\processed_m4BUXxtLrhnsSUJ2.png,1
../data/processed\paper\processed_zru6yFR3dqc3SymW.png,1
../data/processed\scissors\processed_2C9FEbBklwcVhF3W.png,2
../data/processed\paper\processed_xha8stYdUnt02zKI.png,1
../data/processed\scissors\processed_hzfrafUqDDoL0esu.png,2
../data/processed\rock\processed_Lz2cVZ7LSaoXHcgr.png,0
../data/processed\paper\processed_tHitLUmmXOyChXOH.png,1
../data/processed\rock\processed_fMQzh7RRM5fbtBiC.png,0
../data/processed\paper\processed_f1aYiLdB5VC3L8Kk.png,1
../data/processed\rock\processed_FF2mNwRujDxzozUQ.png,0
../data/processed\scissors\processed_Nbdg8g0X7rioOzQT.png,2
../data/processed\paper\processed_9giVcOVtFf85mQZd.png,1
../data/processed\scissors\processed_ZcGYyQZWKP4EcVEz.png,2
../data/processed\paper\processed_4484TuJc6AH7pDOG.png,1
../data/processed\paper\processed_aeVtGl2LQBr831P5.png,1
../data/processed\rock\processed_3XqpRCrIK65ostOr.png,0
../data/processed\rock\processed_1BqjHe5igJAgUjiN.png,0
../data/processed\scissors\processed_YaAtOlkyK9hnzZ11.png,2
../data/processed\scissors\processed_KP9dgcRNzQE9tV0Z.png,2
../data/processed\paper\processed_yYiQN5jZvkGqr6C5.png,1
../data/processed\paper\processed_WUJ02oAbtzoPF4oo.png,1
../data/processed\scissors\processed_3kVoftgTNdDcvPPY.png,2
../data/processed\rock\processed_OTf1IyhsDRDSoYTw.png,0
../data/processed\paper\processed_kz9TBAHLFXGnHCiF.png,1
../data/processed\paper\processed_Y8kfG3f6KJa1YJPA.png,1
../data/processed\scissors\processed_BwX4LCp8V8FlquK1.png,2
../data/processed\paper\processed_8qhPJIViAhfZTJkA.png,1
../data/processed\paper\processed_N5JmBjeptZ3hK3EK.png,1
../data/processed\paper\processed_oLcpS2BYyqZLBj9P.png,1
../data/processed\rock\processed_uCt8rigwmrP07ZVr.png,0
../data/processed\scissors\processed_ePMywMOdTHYyxe1o.png,2
../data/processed\paper\processed_tW1oIjn0hlGLToAY.png,1
../data/processed\paper\processed_av2NxK494nd72Q13.png,1
../data/processed\rock\processed_6sInddznuGf5KuRo.png,0
../data/processed\scissors\processed_wvySukQJa9DYOX8v.png,2
../data/processed\paper\processed_AMewmfMVCnLfbuNr.png,1
../data/processed\rock\processed_5Zca8AdXnpDvoz18.png,0
../data/processed\paper\processed_svY0FVnjij1nSJDK.png,1
../data/processed\paper\processed_mugG8B1m5Ra2aRgZ.png,1
../data/processed\rock\processed_nY37eRslka1ss2bZ.png,0
../data/processed\rock\processed_LSpFmcm9V8jmdhR3.png,0
../data/processed\paper\processed_YEGCpdShhdOdneq4.png,1
../data/processed\rock\processed_DXlFk9LGWpbBewq2.png,0
../data/processed\paper\processed_ObnNNP8S6dH3IxIS.png,1
../data/processed\scissors\processed_CTbANISUvZMD2T4L.png,2
../data/processed\scissors\processed_YaRYYDirKENPeJcS.png,2
../data/processed\rock\processed_NlFsco3hpee3X0wS.png,0
../data/processed\scissors\processed_TqrIZuWA1XJR0MEK.png,2
../data/processed\rock\processed_1mnAKQCHEDbtjPX2.png,0
../data/processed\scissors\processed_HYMbsGR9sq7jfwQp.png,2
../data/processed\scissors\processed_m5ykDPqbTkPOEgWW.png,2
../data/processed\paper\processed_XnvU9UjrhVwfnSgj.png,1
../data/processed\paper\processed_LYirpnRmbCGN6T7O.png,1
../data/processed\rock\processed_pBRSGgUENwGb83VQ.png,0
../data/processed\rock\processed_IY007WkIgMgYMJRj.png,0
../data/processed\rock\processed_9buKAwFejr8MhkAF.png,0
../data/processed\scissors\processed_SsNjRQhLfqyGZtkG.png,2
../data/processed\paper\processed_zrZmvRbPtB57a4Vr.png,1
../data/processed\scissors\processed_ak3LcYS6c0jfzncs.png,2
../data/processed\scissors\processed_3dI7E5pwR07mvKvF.png,2
../data/processed\scissors\processed_wuoizA09gXbcCZ5a.png,2
../data/processed\rock\processed_MgF3uIzpCPWudb3N.png,0
../data/processed\rock\processed_oIoIl8ZLod1q9i1s.png,0
../data/processed\scissors\processed_NInKk7uh3vNRuwCm.png,2
../data/processed\scissors\processed_dowAehk6HVomDGpw.png,2
../data/processed\rock\processed_wweMJiVO1CgNIGHW.png,0
../data/processed\rock\processed_wzcE5Sx0VwqjWQhs.png,0
../data/processed\scissors\processed_mmLhBFvXWgD957XY.png,2
../data/processed\scissors\processed_rg2UeHqmCL67Pl4o.png,2
../data/processed\scissors\processed_mRlkMzgNq3PxHHe4.png,2
../data/processed\rock\processed_bsj2s38rcZvedHSI.png,0
../data/processed\rock\processed_3Umm2S8TUyEpkbCY.png,0
../data/processed\rock\processed_smfqjL7LuLnrPqo1.png,0
../data/processed\scissors\processed_yAEtN7WUvS5S1Cmy.png,2
../data/processed\paper\processed_fSWSXO9fumLluiAF.png,1
../data/processed\scissors\processed_Ep0yJCcioRpgZquy.png,2
../data/processed\scissors\processed_ZzIlyDP6opy9ifkB.png,2
../data/processed\scissors\processed_dpBDoATNj0ZtqSz3.png,2
../data/processed\scissors\processed_2DEYFsJ27UgVqv3W.png,2
../data/processed\scissors\processed_zyml8p6mHzWWJTyw.png,2
../data/processed\paper\processed_ntumvg6vWpT6qIal.png,1
../data/processed\rock\processed_oky5NsS9ymRXKVf8.png,0
../data/processed\paper\processed_P0BIztnCzZ3StLD1.png,1
../data/processed\paper\processed_CbiqUiChqkXHb8jk.png,1
../data/processed\scissors\processed_cbGRRpm8EE2K6pDH.png,2
../data/processed\paper\processed_em91htnBohvtnG2e.png,1
../data/processed\scissors\processed_R9xpzPuawT5aH69c.png,2
../data/processed\rock\processed_kdSoBBdU2T0eoWR2.png,0
../data/processed\scissors\processed_NSv28DjjZXJ8mvhi.png,2
../data/processed\scissors\processed_Nu7zmg5BP4aU3e3Y.png,2
../data/processed\scissors\processed_GPY2PK0wpb7ZoSVS.png,2
../data/processed\paper\processed_VFOCgVBUlL5Gp4Hh.png,1
../data/processed\scissors\processed_dOgYDnySFw6fj21T.png,2
../data/processed\scissors\processed_RCThbCZDuS9DMCY7.png,2
../data/processed\scissors\processed_3n4i3lKB3nZOpDVv.png,2
../data/processed\scissors\processed_JSDICtLrQIEXhPy5.png,2
../data/processed\scissors\processed_jwdItCvoNRkssn6D.png,2
../data/processed\rock\processed_yF6HU2xSYYVTtH91.png,0
../data/processed\rock\processed_zkNTynOVx99Kr46m.png,0
../data/processed\rock\processed_H2lQHx5y3oy8mLSL.png,0
../data/processed\rock\processed_rrf0pB5CgUgAmucg.png,0
../data/processed\scissors\processed_ismjaxPJzOizyqOx.png,2
../data/processed\scissors\processed_7dBQ0fOpCs03OmnR.png,2
../data/processed\scissors\processed_uM6obPsz0ALWxBjQ.png,2
../data/processed\rock\processed_Mfz7ZRZdZeRxFYAf.png,0
../data/processed\rock\processed_EvmNpXcSU8y41PXX.png,0
../data/processed\paper\processed_sisDkUJdIN7AkgTV.png,1
../data/processed\rock\processed_gRiBjZUJv5LqQXYZ.png,0
../data/processed\rock\processed_lb0hZJ95AjtXzoHf.png,0
../data/processed\rock\processed_vXU1VEpTIJDKa6kg.png,0
../data/processed\rock\processed_e6cXS0w2KOKKEYZU.png,0
../data/processed\paper\processed_JDZ86cNk15r0NTi6.png,1
../data/processed\rock\processed_0P6uxM8Vr1DwySHe.png,0
../data/processed\paper\processed_Y0XtXW0pn979O6KK.png,1
../data/processed\scissors\processed_PnuPFf14FGLB9AKu.png,2
../data/processed\rock\processed_aM5kGWsMPDGNdc3J.png,0
../data/processed\rock\processed_s3NrOMdLJLZbpSdU.png,0
../data/processed\scissors\processed_7M6QmAbgSaXFX9ES.png,2
../data/processed\scissors\processed_XSI0ZmaJN2CfPs3B.png,2
../data/processed\paper\processed_pt2EHjG6vxV6Hjmf.png,1
../data/processed\paper\processed_VrhvQlf5Yz5mAt7Y.png,1
../data/processed\scissors\processed_eJ9GdFE4kzE0t5zh.png,2
../data/processed\paper\processed_Gc4hUsoFAQBdulGg.png,1
../data/processed\rock\processed_bdO9pxWWsTRxmT2z.png,0
../data/processed\rock\processed_CkjdMgxvvA6Ll8Ca.png,0
../data/processed\scissors\processed_pJix3Ef2BAOt7yAz.png,2
../data/processed\paper\processed_WVfwcOw6nXcg4xER.png,1
../data/processed\scissors\processed_qoU2kq8bmOjMY5e0.png,2
../data/processed\rock\processed_nkwwKfU69znG7Bi3.png,0
../data/processed\rock\processed_m0xWKKlJMcCcQagG.png,0
../data/processed\scissors\processed_U6bMgGB3gf9rMBvE.png,2
../data/processed\paper\processed_tlZ31lJJt1OhSr0a.png,1
../data/processed\paper\processed_dIg7Ds4xEzk0pyWZ.png,1
../data/processed\rock\processed_lJTADoCRRndhoR4k.png,0
../data/processed\paper\processed_Z5ioSnqxnoCUixRW.png,1
../data/processed\rock\processed_n61z73RnZB19Bpq8.png,0
../data/processed\scissors\processed_hyQDSSjNFHX7Wirc.png,2
../data/processed\scissors\processed_nPGqkGXIocWAZgzO.png,2
../data/processed\rock\processed_AzWs0iUTTu8bLtsw.png,0
../data/processed\rock\processed_ALFXBdM6k9V1h3EH.png,0
../data/processed\rock\processed_9sJrWSSurvaNb8FW.png,0
../data/processed\scissors\processed_utufwM3u0nx14c52.png,2
../data/processed\paper\processed_v6Ypsa9vPurMnl20.png,1
../data/processed\paper\processed_9Dto1OCNf5wjYimE.png,1
../data/processed\scissors\processed_uRSLPvxdMFumUTl4.png,2
../data/processed\rock\processed_rzRKFMMFob6PQPxk.png,0
../data/processed\paper\processed_r9sXHEyVJVCtshSA.png,1
../data/processed\scissors\processed_1i1dlQrE6JnhYXE4.png,2
../data/processed\scissors\processed_ZPjzBZeu7RFCMj7A.png,2
../data/processed\scissors\processed_4Zh2kADxqxEsPTrX.png,2
../data/processed\scissors\processed_ru1tyCfPe2JmorzL.png,2
../data/processed\paper\processed_UuF8mRQ3FDM6fOmp.png,1
../data/processed\rock\processed_lZcZsaDTx2vWJFun.png,0
../data/processed\scissors\processed_KNNsNhduqSfuqEK5.png,2
../data/processed\rock\processed_QSPgUc6QCA1kNLin.png,0
../data/processed\scissors\processed_Xu49k2rxvWRflm2W.png,2
../data/processed\paper\processed_fMkDqtJgZAKa7dl5.png,1
../data/processed\scissors\processed_UmpmKO5O9ku8kBwj.png,2
../data/processed\scissors\processed_B9HRznSZlfXYAUwK.png,2
../data/processed\rock\processed_CEyvCbffQZzgGEL4.png,0
../data/processed\scissors\processed_vua0e2tJtebtNywx.png,2
../data/processed\scissors\processed_oKkvmTaZN5M8MCyt.png,2
../data/processed\rock\processed_HY0UHs2e3ydpvynQ.png,0
../data/processed\paper\processed_ukOGooYiFOfJHNrx.png,1
../data/processed\paper\processed_mK7Kqflg12vHFBEK.png,1
../data/processed\paper\processed_VfIYGbOFu36N6MDw.png,1
../data/processed\rock\processed_UXc8KgQBF2jXEa9j.png,0
../data/processed\rock\processed_E4kPnJ376NIwG4Mh.png,0
../data/processed\rock\processed_GwUjjywvFAhLUYYm.png,0
../data/processed\rock\processed_oYZ5GJcd60BPi0BI.png,0
../data/processed\paper\processed_r98ovEGxFpCnVnyy.png,1
../data/processed\rock\processed_EPqSt5HeGNMhPaeR.png,0
../data/processed\rock\processed_MhOAtto6kcc8xsKr.png,0
../data/processed\scissors\processed_W9JxpjHtiPBtRMT0.png,2
../data/processed\paper\processed_V7gDBwuUctk8myTw.png,1
../data/processed\paper\processed_FwR0aXsgOZ5KHDjH.png,1
../data/processed\paper\processed_8vCpdCGSnX8CopJJ.png,1
../data/processed\paper\processed_pPId4ocKjlcEVsXt.png,1
../data/processed\rock\processed_JmcPS1QNxo3NDlk0.png,0
../data/processed\rock\processed_Tp8sMtigMXoyabfq.png,0
../data/processed\paper\processed_7PSJU8kbZf8S6FRW.png,1
../data/processed\scissors\processed_7Y69sHtbGL2KHj8O.png,2
../data/processed\scissors\processed_FCsZ8xbkykokN7sp.png,2
../data/processed\rock\processed_5sdSnAPfphSzXjWu.png,0
../data/processed\paper\processed_ISW7mRK3Wu6ik0eH.png,1
../data/processed\rock\processed_BMet9oI6hmx1zdc9.png,0
../data/processed\rock\processed_gPFCK0WnHem9uYEW.png,0
../data/processed\scissors\processed_fdVS2hjaLlbu5u8J.png,2
../data/processed\rock\processed_ZPRYcDY3SAyZigkB.png,0
../data/processed\rock\processed_9STiLxSOXvh5kjda.png,0
../data/processed\scissors\processed_qguumDPZwrNl7e1C.png,2
../data/processed\paper\processed_Dvamqz9JlSMySW1i.png,1
../data/processed\rock\processed_xMzUrLkx9vIWWwZU.png,0
../data/processed\scissors\processed_Egi7OpuV8V24C2LP.png,2
../data/processed\paper\processed_hfYfNNtqkFzF9BE4.png,1
../data/processed\paper\processed_BoXJ7o2SeSRRfuAH.png,1
../data/processed\rock\processed_F2MYeViv785ejIrb.png,0
../data/processed\paper\processed_Z9vSGzBQ8YLOXQIX.png,1
../data/processed\scissors\processed_EkArrGlCdj8NNPbu.png,2
../data/processed\paper\processed_ATs4aFUIODixPnMI.png,1
../data/processed\paper\processed_41HC0VBlHSRhi0AG.png,1
../data/processed\scissors\processed_fFnXXczN4qqWFcsE.png,2
../data/processed\rock\processed_TI2gNkqMM5nOpoB0.png,0
../data/processed\paper\processed_SjtYrw48VCBOLOQh.png,1
../data/processed\rock\processed_hyWWmz1OwgoE5JlU.png,0
../data/processed\scissors\processed_4burI8a7jyfTRBl6.png,2
../data/processed\rock\processed_lfR51TrQjuKJXkT6.png,0
../data/processed\rock\processed_4VYEe9NSyMlJmXUx.png,0
../data/processed\paper\processed_RQ78Zpf7uYHXCYcb.png,1
../data/processed\rock\processed_o2a42Or5QnATFbf7.png,0
../data/processed\scissors\processed_EesxTpYzhZoMVlH8.png,2
../data/processed\scissors\processed_ErsQcWAahNPYPZs5.png,2
../data/processed\scissors\processed_k7KXWWd1IymDhMIm.png,2
../data/processed\rock\processed_1VoYiUgPE6h45MLu.png,0
../data/processed\rock\processed_GsInYLhWgEFn0geb.png,0
../data/processed\scissors\processed_y9PxZE5NfOO323Nv.png,2
../data/processed\rock\processed_ikusbrqDgla4SEas.png,0
../data/processed\scissors\processed_q936z2wWrJh1ITTp.png,2
../data/processed\rock\processed_jKWUHfF0b4BzWBEk.png,0
../data/processed\paper\processed_OdfDTwgPVdW9XbE7.png,1
../data/processed\scissors\processed_OYBNEmjQC8Uh2cC5.png,2
../data/processed\rock\processed_7xXAch1NxPhoEdk4.png,0
../data/processed\scissors\processed_NMWjLWPkXc8YmJTP.png,2
../data/processed\paper\processed_UqMn3TJPZRf0px46.png,1
../data/processed\rock\processed_xBWG6t5EvReNN7mW.png,0
../data/processed\rock\processed_nGW6IQjCFT5tCw6j.png,0
../data/processed\scissors\processed_QUqw1jotp4mOm1ZY.png,2
../data/processed\rock\processed_3ONDEuB8iwAYO1Uz.png,0
../data/processed\scissors\processed_WQlZZHmfKvMFfUE8.png,2
../data/processed\paper\processed_lGIPlKIVgwrDC17U.png,1
../data/processed\paper\processed_eCpHvcUt4r7A9xJE.png,1
../data/processed\rock\processed_KQqIoVT62pLqhEGR.png,0
../data/processed\scissors\processed_q0tN60NS2kZFBzts.png,2
../data/processed\rock\processed_GgPhnXFElpasCa0C.png,0
../data/processed\scissors\processed_WoS4fluqoRRsfjle.png,2
../data/processed\paper\processed_mV9vc1ITH1PrrbF8.png,1
../data/processed\rock\processed_5QHZzfwp2xJXckQb.png,0
../data/processed\scissors\processed_g2CVyHgIl83M2F0m.png,2
../data/processed\paper\processed_3tNHP8R9YHru011u.png,1
../data/processed\rock\processed_FAXYcAg30rtQnofW.png,0
../data/processed\rock\processed_6NSGRQDw4M2amVcH.png,0
../data/processed\rock\processed_xH9uXlr7ev4rhwf2.png,0
../data/processed\paper\processed_BVfw3Er2AUBqREYJ.png,1
../data/processed\scissors\processed_RrbEWg7xTBv2qa9q.png,2
../data/processed\paper\processed_TzhAea8QXqJwqpUY.png,1
../data/processed\rock\processed_n3ryKsLTPcGhpW6S.png,0
../data/processed\paper\processed_TlnoQ46NyW8oZV07.png,1
../data/processed\paper\processed_b8dw4ZOgMTx2h1xI.png,1
../data/processed\scissors\processed_dxFGJyDhnNu3iOmm.png,2
../data/processed\rock\processed_udR0gHeGBkkQVGlr.png,0
../data/processed\scissors\processed_17HZDUFSVPxcar99.png,2
../data/processed\scissors\processed_b4Qm4ZK5AAUQo1Ax.png,2
../data/processed\scissors\processed_mAjn51U2iJwlh99P.png,2
../data/processed\paper\processed_YrEfjld9tYk0b9m9.png,1
../data/processed\scissors\processed_Ma48V1PQ0ylc88AU.png,2
../data/processed\rock\processed_8pAWVg9BVmtha8LM.png,0
../data/processed\rock\processed_724DhutGELMHY1uD.png,0
../data/processed\paper\processed_W79peyAyfQqNP1vF.png,1
../data/processed\rock\processed_cWKDIx5D1KB0zqjF.png,0
../data/processed\rock\processed_vhpXMTOidZb7yqb8.png,0
../data/processed\rock\processed_xDVakDa8abIKURzb.png,0
../data/processed\paper\processed_x3z3E6Z2qsmW8TaH.png,1
../data/processed\scissors\processed_YXMdBr7G2GS6sN1v.png,2
../data/processed\scissors\processed_7A1YTmfZsbSdxPKy.png,2
../data/processed\rock\processed_1DxbXT3M2qiMjCmC.png,0
../data/processed\scissors\processed_ik80sIT0Ao6APY3M.png,2
../data/processed\paper\processed_QCHltvmva5vmGrPo.png,1
../data/processed\paper\processed_JApmimWQx0vFx1qw.png,1
../data/processed\scissors\processed_KM8TqJbWqew79vPt.png,2
../data/processed\paper\processed_YnANqAVHDOylhBls.png,1
../data/processed\rock\processed_Gyq9GJFTfF1vvOZ8.png,0
../data/processed\paper\processed_7I1fABs6SL1T4MNb.png,1
../data/processed\rock\processed_6QrCGRwuFLPn0VIH.png,0
../data/processed\scissors\processed_DlzjcfKNEmUSyBy7.png,2
../data/processed\scissors\processed_W7ijVLyfVPL2msio.png,2
../data/processed\paper\processed_FcIIjteQItMuIuRa.png,1
../data/processed\scissors\processed_VaVPcDb7mPMQ1gHk.png,2
../data/processed\scissors\processed_fTwiqatiNNgEeTBi.png,2
../data/processed\scissors\processed_mrWRR4bVPDvIIg7D.png,2
../data/processed\rock\processed_wZikdISRLJlJwp9q.png,0
../data/processed\scissors\processed_256MrhkDete6aQhP.png,2
../data/processed\paper\processed_fwnVVskCSNkB9LUL.png,1
../data/processed\scissors\processed_LiCKhA8ipxSqU9Fo.png,2
../data/processed\rock\processed_XNzFnFkneYMqJQOF.png,0
../data/processed\scissors\processed_6drquJLYR4bjZX2E.png,2
../data/processed\scissors\processed_LErff4WDwhjsYG8Z.png,2
../data/processed\rock\processed_45lUkDFTSG9E7qOr.png,0
../data/processed\paper\processed_HTSIUeIA1IQrHtHu.png,1
../data/processed\rock\processed_vgu9DXAirSqwFhWr.png,0
../data/processed\rock\processed_rMViRrOZTOK1XiEw.png,0
../data/processed\rock\processed_gN9QXTe8BSMMHyAn.png,0
../data/processed\scissors\processed_cHA3IuTLuXm10QNQ.png,2
../data/processed\paper\processed_9RmM1chbNsDKXXlg.png,1
../data/processed\paper\processed_PLvidx6rZDuRENbv.png,1
../data/processed\paper\processed_keyl4nDZLxLORnr3.png,1
../data/processed\paper\processed_LqxEdPczGbYd9Zlu.png,1
../data/processed\scissors\processed_NCHfmPjxa7aay5AX.png,2
../data/processed\scissors\processed_QGySPOxev60wlq1M.png,2
../data/processed\rock\processed_Wn0jBu6LOl5Ei5GN.png,0
../data/processed\scissors\processed_vcEwRcuUMQ89i8on.png,2
../data/processed\scissors\processed_DpuTr8KvePPqWO5Q.png,2
../data/processed\scissors\processed_KMUCDyhYewIdDnvu.png,2
../data/processed\scissors\processed_JTbM7M5ZIxA7oFEX.png,2
../data/processed\scissors\processed_CO4Xhg1dx5dmvwlo.png,2
../data/processed\scissors\processed_MFG70ohG4iZ3xm3b.png,2
../data/processed\scissors\processed_H7drJKmXJb6g6YxC.png,2
../data/processed\paper\processed_bddldJIGmQP5CSLD.png,1
../data/processed\scissors\processed_ejrBEOeknHrk4kCi.png,2
../data/processed\rock\processed_rzLjaOMLU7vbZnPH.png,0
../data/processed\rock\processed_0OEXfEooCXlljaEl.png,0
../data/processed\paper\processed_HIo7Eax3OPP5MuXl.png,1
../data/processed\scissors\processed_1VRzspyXpQ6A2rKy.png,2
../data/processed\scissors\processed_44Hu6owS3pPqmyG1.png,2
../data/processed\paper\processed_Cx9G4YyKPI9MPcqp.png,1
../data/processed\paper\processed_k5n1w4gdm1G27rDk.png,1
../data/processed\paper\processed_XPvzu0bXUw8THjbU.png,1
../data/processed\rock\processed_eGm3dLnWBxRrjlJX.png,0
../data/processed\paper\processed_D3mbFhVy7zFkZEtV.png,1
../data/processed\scissors\processed_lPWbZ5JDB0gjIv2J.png,2
../data/processed\scissors\processed_0zoQAmDFXehOZsAp.png,2
../data/processed\rock\processed_BvjXvNTvapIFq4bK.png,0
../data/processed\paper\processed_dZh2VMRu9nRGHhYL.png,1
../data/processed\rock\processed_3sQLj3fYBZhheJ7K.png,0
../data/processed\paper\processed_x8fNY0V8O2CJ9vaY.png,1
../data/processed\scissors\processed_Hkq2KHtnKxyBLLPU.png,2
../data/processed\paper\processed_jXhwHToky4rsswCO.png,1
../data/processed\scissors\processed_a8DBHodNOhJCxQrN.png,2
../data/processed\scissors\processed_277q9TUTAsBAbTCj.png,2
../data/processed\scissors\processed_Z3isJg9IBOn3ZHFZ.png,2
../data/processed\rock\processed_MwjRfqp6Gnh4vHI8.png,0
../data/processed\scissors\processed_BJwCAwQV0EWaUT1X.png,2
../data/processed\paper\processed_ZULuRlvYzTJM8jC3.png,1
../data/processed\paper\processed_a0CaFEDoDB7qeyhN.png,1
../data/processed\paper\processed_52nvTykEONIdmqQI.png,1
../data/processed\rock\processed_R0j5MW4t8SU59u7x.png,0
../data/processed\paper\processed_y9DoLrI4Hlh2EUts.png,1
../data/processed\scissors\processed_dFrcUPZxOwwT04y9.png,2
../data/processed\paper\processed_3sKeYzYsjbWQVhc4.png,1
../data/processed\paper\processed_9zfyVkUcku0qc4Gu.png,1
../data/processed\scissors\processed_QjvKDUTFuGf7gAm4.png,2
../data/processed\paper\processed_B6dJfDThlXx80Uk6.png,1
../data/processed\scissors\processed_nIwv11WKj5Ch85mv.png,2
../data/processed\paper\processed_5NsmQol0TP7h80bh.png,1
../data/processed\paper\processed_xnLyw2TBZF8e2vcr.png,1
../data/processed\paper\processed_tiS1ECooPwR5IvFK.png,1
../data/processed\rock\processed_r0xQoW6iQbPig3jf.png,0
../data/processed\paper\processed_HvQdmFU7Qzd4SSQ4.png,1
../data/processed\rock\processed_C5KTDubAmdwtcK6u.png,0
../data/processed\rock\processed_MJkLyjWTzbjL8qyk.png,0
../data/processed\scissors\processed_kUUKyIbaWlM3GgEs.png,2
../data/processed\rock\processed_clIAiFiURAZ36c8y.png,0
../data/processed\paper\processed_pUCjvjdpH5HSaWxl.png,1
../data/processed\scissors\processed_LFzPbXpksRrG9jpF.png,2
../data/processed\paper\processed_UN3iCDyiEIteIMdx.png,1
../data/processed\paper\processed_B08mrGoODd5gGTvu.png,1
../data/processed\scissors\processed_G3WzvjZXkizn9iK9.png,2
../data/processed\paper\processed_1Frbe8cdOdkciOBg.png,1
../data/processed\rock\processed_NjO1nKIuSLnWpnK0.png,0
../data/processed\paper\processed_1yKjzquSvl9ShK7K.png,1
../data/processed\paper\processed_eiiwN1DsKoIheMgz.png,1
../data/processed\rock\processed_mu2i6dWPZNLGnnPy.png,0
../data/processed\scissors\processed_8ei3rSl89D6W8Tav.png,2
../data/processed\scissors\processed_J06aYYcl79xoBD0g.png,2
../data/processed\scissors\processed_XNsF8hyn9RBUaFnw.png,2
../data/processed\rock\processed_aB0M38mmr711uzAY.png,0
../data/processed\scissors\processed_s1gqGqCAbVLwDSw8.png,2
../data/processed\scissors\processed_1L1n6plr7jlZGirw.png,2
../data/processed\paper\processed_et9oIiGQmAgwy7GK.png,1
../data/processed\paper\processed_cfCjmEcXysh0H52D.png,1
../data/processed\paper\processed_xsM5n0KOqwb5R58V.png,1
../data/processed\scissors\processed_R8yTHsEmwnN776s2.png,2
../data/processed\scissors\processed_7jLYhf025vHEX7kp.png,2
../data/processed\paper\processed_fjITlTb11LELvo3e.png,1
../data/processed\scissors\processed_9C2CyZRK18hcyHSx.png,2
../data/processed\rock\processed_SNEJ1wGU1s9Dm3I1.png,0
../data/processed\scissors\processed_FmGfsSfUAyHzsiAO.png,2
../data/processed\rock\processed_MMeqszriRcb0Ljc6.png,0
../data/processed\scissors\processed_sNnaELZrclDFKtoL.png,2
../data/processed\paper\processed_FVEAFUE9uhfJPi2f.png,1
../data/processed\rock\processed_XRzyLHESg63okg01.png,0
../data/processed\paper\processed_UmipL2kv9TdDdryZ.png,1
../data/processed\scissors\processed_h5MbTDhsN1x308Je.png,2
../data/processed\scissors\processed_mViP022ujNQr6UX1.png,2
../data/processed\scissors\processed_Osm4O4K7sdFOSiRk.png,2
../data/processed\scissors\processed_XC8NJo82qJO44Nim.png,2
../data/processed\rock\processed_lFRtpAScOeikVDZB.png,0
../data/processed\rock\processed_k6r5z3dMsqo2H6hk.png,0
../data/processed\paper\processed_u5672IrPHHkppdEK.png,1
../data/processed\paper\processed_Eq9tohFHMpYXWQZH.png,1
../data/processed\scissors\processed_EiSbUEkcpA3vRMGd.png,2
../data/processed\scissors\processed_cPuxKnJCdcTotM5k.png,2
../data/processed\paper\processed_l7pEq6tQKyUNL3GN.png,1
../data/processed\paper\processed_hHY3BbYoVFjLEsbd.png,1
../data/processed\paper\processed_LkNkNVjTRm5Gr9NQ.png,1
../data/processed\scissors\processed_sC3hanWBPaeGV4xg.png,2
../data/processed\rock\processed_LF4yf48q3qRLLZNS.png,0
../data/processed\scissors\processed_rPWSuNNi9TZbKb7l.png,2
../data/processed\rock\processed_337ARHTZmhCSkoEM.png,0
../data/processed\rock\processed_sq8ppoxKFLEiWc1N.png,0
../data/processed\scissors\processed_4hvoLYY28SGuZCEI.png,2
../data/processed\rock\processed_EvCwicQf5dVFto6x.png,0
../data/processed\rock\processed_l6tos9roQ0hnCmfj.png,0
../data/processed\rock\processed_aa9v011U1AB9hK5v.png,0
../data/processed\paper\processed_pHx4pvFv4zXPDI1w.png,1
../data/processed\scissors\processed_vqUZ6XnuzKHIFVOO.png,2
../data/processed\rock\processed_yC1FoVJ7cUxIEfBc.png,0
../data/processed\scissors\processed_AgfZ2awwDPr3d50b.png,2
../data/processed\paper\processed_5Cy2fFOaWMFwa5iu.png,1
../data/processed\rock\processed_HTlhfHf6CMkGBrlh.png,0
../data/processed\scissors\processed_LZ7UTYEoDao1EcYX.png,2
../data/processed\paper\processed_n5NXfZTRonR4iOr0.png,1
../data/processed\rock\processed_ZeANrD34jghq5aPt.png,0
../data/processed\rock\processed_FbQKEoixvDyDPu0c.png,0
../data/processed\rock\processed_HxzCqTAGvmLYaHjA.png,0
../data/processed\rock\processed_X4UIuiTnzUP68r86.png,0
../data/processed\paper\processed_n9SDT7R9BSLRNCe1.png,1
../data/processed\scissors\processed_2l1K148aIJHRR1q7.png,2
../data/processed\paper\processed_LEA78quc0fi2hq9W.png,1
../data/processed\rock\processed_ZWrzVOGgkuKQRDnQ.png,0
../data/processed\paper\processed_VD4twqBeFDIHSovy.png,1
../data/processed\scissors\processed_h8GCEjkSpQjdUuZH.png,2
../data/processed\rock\processed_XqR9QAFi9qQMUdw2.png,0
../data/processed\scissors\processed_Mwmjta6k9iqQKKd7.png,2
../data/processed\paper\processed_af6U4DsLPicCZcED.png,1
../data/processed\rock\processed_cJOgpmKKBSPdPSeD.png,0
../data/processed\rock\processed_BSMMOAJotDbg08rj.png,0
../data/processed\scissors\processed_533ZH0WCaiOZO0nL.png,2
../data/processed\paper\processed_B9WSmSgclFPB3TOL.png,1
../data/processed\scissors\processed_GlmYygm1ezDtcUks.png,2
../data/processed\scissors\processed_FP1L4Ax4XDmqP2QB.png,2
../data/processed\paper\processed_M4h0o8DAzyOpmgSM.png,1
../data/processed\paper\processed_tsfjaR5pzLN4vfRW.png,1
../data/processed\paper\processed_zb6wXq49QppiS9sf.png,1
../data/processed\rock\processed_9Ke26ZpKvhVSXl4V.png,0
../data/processed\rock\processed_rHHsm5b1CvmcWT57.png,0
../data/processed\paper\processed_JQaNQ7LsPy3cY23Q.png,1
../data/processed\paper\processed_9szmJOWlXxEbjDGV.png,1
../data/processed\rock\processed_7Dh4gBDJVdP9tTLr.png,0
../data/processed\paper\processed_nGxiCAryWhadfu7W.png,1
../data/processed\paper\processed_t3gTGwl94iLuZL1k.png,1
../data/processed\rock\processed_X9KQv42y96rD2TO9.png,0
../data/processed\paper\processed_389udM70tLrMVL5H.png,1
../data/processed\scissors\processed_tPxruYoQszERdzTA.png,2
../data/processed\scissors\processed_HEvNErOwJyFQMMIB.png,2
../data/processed\paper\processed_a45DJKHJdnCFhX5X.png,1
../data/processed\rock\processed_EwKdZirU6MwYRV13.png,0
../data/processed\rock\processed_aFWGfqQgf0jt1h7g.png,0
../data/processed\rock\processed_Ym1qa4AJM9udyyyL.png,0
../data/processed\scissors\processed_3Q6h5cXYeNTeOLgD.png,2
../data/processed\scissors\processed_tZ8TlcDUMWqENtfF.png,2
../data/processed\rock\processed_fl3m2aXD9qq7un0x.png,0
../data/processed\paper\processed_OXA4uaaO7YUkxjSJ.png,1
../data/processed\scissors\processed_7LFhnAZBWmtcMqDM.png,2
../data/processed\rock\processed_4iN0sQcmcukBN652.png,0
../data/processed\scissors\processed_xCagFKogHbiqcrmG.png,2
../data/processed\scissors\processed_CmzQ1oRM0ei850Wl.png,2
../data/processed\rock\processed_QzJOhsnnTjhfspc0.png,0
../data/processed\rock\processed_yLeWjzIsAgQO8rT2.png,0
../data/processed\scissors\processed_dnXr5NzZKqzg8VgI.png,2
../data/processed\paper\processed_Zx5NMbS4YBf29guF.png,1
../data/processed\scissors\processed_DH7iguASbWIzzBnT.png,2
../data/processed\paper\processed_KGiyDw5Ryx3WjjSZ.png,1
../data/processed\scissors\processed_CPRUyuzmPTO8JrEp.png,2
../data/processed\scissors\processed_ZHY8N2y7tIomiozo.png,2
../data/processed\scissors\processed_PKilVWkKw9dYVTMx.png,2
../data/processed\rock\processed_nQ7DM3VMBj0NdM0u.png,0
../data/processed\rock\processed_82wZr9Bpl9vfsoG1.png,0
../data/processed\scissors\processed_UDihI8vQDjvGJRjO.png,2
../data/processed\rock\processed_pI8SGhRU1bmqZAcM.png,0
../data/processed\scissors\processed_loXdJgVrbcZGFjas.png,2
../data/processed\paper\processed_5kJec3v9txvrAb4g.png,1
../data/processed\scissors\processed_ZyZeKfG5s1J9Qn64.png,2
../data/processed\paper\processed_lxWEYgTaWJSoYSiD.png,1
../data/processed\rock\processed_FQKAKSGEI0OuRQhh.png,0
../data/processed\scissors\processed_7Zb3QM9tznboKuQE.png,2
../data/processed\scissors\processed_KfZNOowxVhhRLrza.png,2
../data/processed\paper\processed_h4yYJuwG5dUXEY1B.png,1
../data/processed\paper\processed_e6blzPfvGcrcHaKl.png,1
../data/processed\scissors\processed_aMTILDN4K2ZEjYAx.png,2
../data/processed\paper\processed_R7y8PxDKzaAd0uUQ.png,1
../data/processed\rock\processed_kcZfTQqKr8VaSjhk.png,0
../data/processed\rock\processed_qsa5Kd0lZctgmHvM.png,0
../data/processed\rock\processed_iIaYawwgu5W18LS9.png,0
../data/processed\rock\processed_lh18XOTNn8Tr3ijU.png,0
../data/processed\paper\processed_4dpYSXpjYbiH9MSq.png,1
../data/processed\rock\processed_Jr45GnbiZqBa7TLX.png,0
../data/processed\paper\processed_wQQCLOgW5qXxkwli.png,1
../data/processed\rock\processed_Q2rRUGWBDy47XucJ.png,0
../data/processed\scissors\processed_ksWe2SZsjOoLAzf5.png,2
../data/processed\paper\processed_cXZYoC2Bu8SeHasE.png,1
../data/processed\scissors\processed_Z2jcrWNs2feSmVtI.png,2
../data/processed\scissors\processed_Px1M92VqNpLveOTC.png,2
../data/processed\paper\processed_oAvUHooYsSpFid0p.png,1
../data/processed\scissors\processed_Zz1djgkAdRqsHM3z.png,2
../data/processed\paper\processed_ehzdlf5B1HtVgpRs.png,1
../data/processed\paper\processed_5eRezaxzYX8Canq0.png,1
../data/processed\paper\processed_E10FR2TKbBsv9Hgm.png,1
../data/processed\paper\processed_B9PzXQbhzehhxFRN.png,1
../data/processed\paper\processed_sDAWCwVlT2NFpEAf.png,1
../data/processed\scissors\processed_pLBH6c1NAfL1xVTn.png,2
../data/processed\scissors\processed_Kzghoy329glIgfcC.png,2
../data/processed\scissors\processed_mtLouezQUnTbfEgj.png,2
../data/processed\paper\processed_N3RjXoHuCkTs2Prd.png,1
../data/processed\rock\processed_EPFt6X0fS9c97Y5y.png,0
../data/processed\scissors\processed_9tyrAAweW8qCI4st.png,2
../data/processed\rock\processed_IFr9SXl5OScOlvuk.png,0
../data/processed\scissors\processed_qEeUSbz2Np2Qin0G.png,2
../data/processed\scissors\processed_V14OoL0RMpvwPptc.png,2
../data/processed\rock\processed_u3nAxX6ZNsAKQ7WC.png,0
../data/processed\scissors\processed_KngvagTrRurJUlI5.png,2
../data/processed\rock\processed_Jg78GVOKbbyQchWq.png,0
../data/processed\scissors\processed_8isFA2VQqLOxzuvC.png,2
../data/processed\rock\processed_tGBAO9oyBYRD7XXS.png,0
../data/processed\scissors\processed_8pCggsYVt6kUOza4.png,2
../data/processed\paper\processed_gVd3f9CZNll3QS8l.png,1
../data/processed\rock\processed_FOmEbxM5mn9WC2sT.png,0
../data/processed\paper\processed_p2UN3r1vWk57uVqX.png,1
../data/processed\paper\processed_HQSUE6P23pvLctuy.png,1
../data/processed\paper\processed_cMbbpVIgFU95R4tO.png,1
../data/processed\paper\processed_XJlnAmd0Rb4GNRxm.png,1
../data/processed\scissors\processed_8AR7dUmrz9jcFrHu.png,2
../data/processed\scissors\processed_BtUfOjTzw9EEvNHO.png,2
../data/processed\rock\processed_PDgemOaqWAiKPIcw.png,0
../data/processed\rock\processed_DVPUHpNyCvJxx69v.png,0
../data/processed\scissors\processed_6gt1kvpjTKJIA7S0.png,2
../data/processed\paper\processed_KAyKztBfGIWm4qN7.png,1
../data/processed\scissors\processed_wNuL3RC8AtAW70Bx.png,2
../data/processed\scissors\processed_RQgc9a0ml3hXrJXq.png,2
../data/processed\rock\processed_iILNKQp2qExtn6JV.png,0
../data/processed\scissors\processed_GVxDgpt5p4FA2e6n.png,2
../data/processed\paper\processed_tV2VtZHsIL8Gj4TC.png,1
../data/processed\paper\processed_q35FqG8h9VCDbQ1J.png,1
../data/processed\rock\processed_c1rdxANL8E7yG3ZI.png,0
../data/processed\scissors\processed_uMy6gyGTY6epng27.png,2
../data/processed\rock\processed_hqD5rX5jXifrtMJO.png,0
../data/processed\paper\processed_QKFJL22hutlivVGa.png,1
../data/processed\rock\processed_rZ3CYuMZgTELnLxc.png,0
../data/processed\paper\processed_HkBUo9kQDJho4uor.png,1
../data/processed\paper\processed_dmT5g2m3meABNfCJ.png,1
../data/processed\scissors\processed_e7wuzMq70FDcvaFr.png,2
../data/processed\paper\processed_i47BmmqwUa4y0jIP.png,1
../data/processed\rock\processed_nrRw9O00nT1ZeOJh.png,0
../data/processed\paper\processed_Af7KstxKjdhzUQyk.png,1
../data/processed\scissors\processed_SiIASaSafeaodwOd.png,2
../data/processed\scissors\processed_c5vx49tv1qUAH19T.png,2
../data/processed\scissors\processed_F4iIoT06hTWSuSs2.png,2
../data/processed\rock\processed_UPZ5MJAl3AqoLrZV.png,0
../data/processed\scissors\processed_svWW1IeCIfKmCxvY.png,2
../data/processed\rock\processed_x6RZUj3vDGq0u806.png,0
../data/processed\scissors\processed_Vn5KkLfrFuLeRyKZ.png,2
../data/processed\scissors\processed_J0FIl8T1zObZcenP.png,2
../data/processed\paper\processed_nXOxF15xZFtfflkL.png,1
../data/processed\rock\processed_gaackCmGss3Lt4tj.png,0
../data/processed\paper\processed_B3dlyiRDulDJWOsW.png,1
../data/processed\rock\processed_BYG1hwCG8M64UXIV.png,0
../data/processed\rock\processed_Xq3zZyHBFpklvwb6.png,0
../data/processed\rock\processed_8WivsxbidGW1wvnx.png,0
../data/processed\paper\processed_Klcu8qBjVs676hic.png,1
../data/processed\paper\processed_OJpDyt2u6zzfoVP0.png,1
../data/processed\paper\processed_wKiW95hiPu8zQhwV.png,1
../data/processed\paper\processed_YaRk8v83K7BQmi5G.png,1
../data/processed\scissors\processed_zdo3LHesq3aHmu1f.png,2
../data/processed\paper\processed_3MMu7EXUtM6aEtXU.png,1
../data/processed\scissors\processed_kH6F4XFQOxMTRZj3.png,2
../data/processed\scissors\processed_EBh8bZgOANio5kQw.png,2
../data/processed\rock\processed_ZM4bG569OHTj1XMT.png,0
../data/processed\scissors\processed_Me6SACZZ4EYJLHbB.png,2
../data/processed\scissors\processed_IH5gpU7fLJSn90Rx.png,2
../data/processed\paper\processed_aw7H9dMuThRnO74k.png,1
../data/processed\paper\processed_v6wOWeRyh3Sv5BXo.png,1
../data/processed\rock\processed_iQ8Ef3yZ12whKccA.png,0
../data/processed\scissors\processed_kP93zKVUzAJpIWpV.png,2
../data/processed\paper\processed_oiJhtTsTDkiAcHeR.png,1
../data/processed\rock\processed_5cJA6BncdVbygRNL.png,0
../data/processed\rock\processed_4yPN1zUFqW6ROTgq.png,0
../data/processed\scissors\processed_aK8TLrx71gTLlSXX.png,2
../data/processed\scissors\processed_3hIcgfPOoWEIs16j.png,2
../data/processed\rock\processed_Gq8pcFEIriCTMoBY.png,0
../data/processed\scissors\processed_KYTLHLPHUqj58UVh.png,2
../data/processed\scissors\processed_8VaAxK3h5GeQAqRn.png,2
../data/processed\rock\processed_IumhcLm1sbOr4pXt.png,0
../data/processed\paper\processed_X3iDu3E3UCW1w1Cd.png,1
../data/processed\scissors\processed_wJNyEIqVDFH8bx5h.png,2
../data/processed\rock\processed_nLGBKJAhRNQqPFrT.png,0
../data/processed\paper\processed_QUcJ1QclQwOY50vY.png,1
../data/processed\paper\processed_U3XlUGS4C4YGpjGP.png,1
../data/processed\paper\processed_cQ0dBO3yHPohZ9U9.png,1
../data/processed\paper\processed_Nm8PHXHrGlZy0d6Q.png,1
../data/processed\paper\processed_9WQaDoiIDC4zGPr8.png,1
../data/processed\paper\processed_lqo55attrFxuKqlu.png,1
../data/processed\scissors\processed_fnV8zv0atHjQzfhV.png,2
../data/processed\rock\processed_h89sRVkct1nAdPfo.png,0
../data/processed\paper\processed_WOMFIvaWB3TEY6Gl.png,1
../data/processed\scissors\processed_dWIQvO3tVSLw4etp.png,2
../data/processed\paper\processed_6NzgMmSELzk3WtZh.png,1
../data/processed\paper\processed_JZ8KCFK6y0Zd87Xl.png,1
../data/processed\scissors\processed_w1NflQUWVQmFdZdI.png,2
../data/processed\scissors\processed_1MMkSW3f1CAsw03q.png,2
../data/processed\rock\processed_nNB5f3VARZAaHI4U.png,0
../data/processed\rock\processed_9TeUwuSOgtGgewNL.png,0
../data/processed\rock\processed_PqlEUvTdVyPPQUUI.png,0
../data/processed\paper\processed_ejC8QIku5jrtci48.png,1
../data/processed\scissors\processed_s9hnXT0uSjC6vl6W.png,2
../data/processed\rock\processed_FVTXzNJQnU231QXO.png,0
../data/processed\rock\processed_jqMSEFiMhpIWzJfe.png,0
../data/processed\paper\processed_CIN4oPYURMvc4xTb.png,1
../data/processed\paper\processed_V9v5VHsYgQOVnzo2.png,1
../data/processed\scissors\processed_mxyADQuZCMwE1Nv5.png,2
../data/processed\scissors\processed_FfCLY0qhfyOoyam8.png,2
../data/processed\rock\processed_Yzx0RwB2AFNAvC6s.png,0
../data/processed\rock\processed_kW4W7E0A1Wpo45eL.png,0
../data/processed\scissors\processed_fIryCS56DD4INQKz.png,2
../data/processed\paper\processed_mZW0RUegJl9SM8ck.png,1
../data/processed\rock\processed_AuO0jNEKCbMzb7Xf.png,0
../data/processed\rock\processed_SE5eUJl8euX8gTJ3.png,0
../data/processed\scissors\processed_plCaKcxMczZTYQYV.png,2
../data/processed\paper\processed_nsbCG572TtIVkjKn.png,1
../data/processed\paper\processed_vfKiFjWIK9JKHxLn.png,1
../data/processed\rock\processed_DJUhF4lvtGZoaatl.png,0
../data/processed\paper\processed_LrVULgPLsLsfdZ2z.png,1
../data/processed\rock\processed_yrzokMUYHlOLsRhQ.png,0
../data/processed\scissors\processed_RpIg0o9X94lDnNcX.png,2
../data/processed\rock\processed_fa3PZHjdAUZAob3q.png,0
../data/processed\scissors\processed_XpFaeZAqFUqqJ85b.png,2
../data/processed\rock\processed_y7JyZqsFZUwdvkY2.png,0
../data/processed\rock\processed_9a9TiJDB5oAWqO9U.png,0
../data/processed\paper\processed_ldG6HLXeY0KilKyr.png,1
../data/processed\rock\processed_yhdKczrnPdXbTjZc.png,0
../data/processed\rock\processed_Rc1dJyDnXnSjnpoH.png,0
../data/processed\paper\processed_bPTh8OjfiaJfzdcw.png,1
../data/processed\rock\processed_Zz52yCODsLplv7rK.png,0
../data/processed\paper\processed_2IOsxsG8AaxntdJM.png,1
../data/processed\rock\processed_gutk3kRhu9AfjYWQ.png,0
../data/processed\paper\processed_7w91NsCtVzsPOSYB.png,1
../data/processed\rock\processed_BRCnAE1A7rvm7o8V.png,0
../data/processed\paper\processed_Ec6WrF6Soj4REPk7.png,1
../data/processed\paper\processed_P1STllnKDD05zo29.png,1
../data/processed\scissors\processed_PVsR1GzEGP3wznMy.png,2
../data/processed\paper\processed_rX4dcSySbz56p4dk.png,1
../data/processed\paper\processed_eQaNnPaHwKsOJaYq.png,1
../data/processed\scissors\processed_1UojLz4CrT2G1Eo5.png,2
../data/processed\scissors\processed_xXxXuQZdlW8ebxCN.png,2
../data/processed\rock\processed_MKU8h3j49NjuhQpi.png,0
../data/processed\rock\processed_xxUPxq2BY6NvCmP2.png,0
../data/processed\scissors\processed_5VvYOvnkxKc8PIog.png,2
../data/processed\paper\processed_nvCwoV9k3ym5N0JA.png,1
../data/processed\paper\processed_to1CYeerlgzyJIeO.png,1
../data/processed\scissors\processed_56VICUKU6RgoLTHW.png,2
../data/processed\paper\processed_CxcQ3XRBjkkmZ9b8.png,1
../data/processed\rock\processed_nb1DEYJBoJTVwG4K.png,0
../data/processed\paper\processed_pfyaiU10n2EvAwgw.png,1
../data/processed\scissors\processed_Gr3EpS7AO3KtWTz0.png,2
../data/processed\paper\processed_TmPdVzKg9yHUefja.png,1
../data/processed\scissors\processed_4z7r8yUDFk3HwEgN.png,2
../data/processed\paper\processed_JRZTPL2YQ6cfIMh9.png,1
../data/processed\paper\processed_k9d5xaurp8JC9DXp.png,1
../data/processed\paper\processed_byBLmTC0iWfnT7wo.png,1
../data/processed\scissors\processed_eU4VT33MEquo64QQ.png,2
../data/processed\scissors\processed_NeYB1usFd9o84q13.png,2
../data/processed\scissors\processed_gzRmdTIFRzV34Vjl.png,2
../data/processed\scissors\processed_eCrwTPFv8gvWXubN.png,2
../data/processed\rock\processed_HiWw0r0djGMscUQD.png,0
../data/processed\scissors\processed_Rc1pRmm4p20kAl7A.png,2
../data/processed\rock\processed_zp7Okc8j1CJgB8ji.png,0
../data/processed\paper\processed_XCoWpNiWscJm476F.png,1
../data/processed\paper\processed_wBUGgxpeb0gggcTx.png,1
../data/processed\rock\processed_EvpZ7BPu3bibrvM2.png,0
../data/processed\rock\processed_H3USQGpRNkk6KyXa.png,0
../data/processed\rock\processed_AfK6szcUXW6HDlxI.png,0
../data/processed\paper\processed_dyHfn1GBYIj195b5.png,1
../data/processed\scissors\processed_oNZAuH1gIa65iSMu.png,2
../data/processed\rock\processed_EQDfrFWZluld6aKP.png,0
../data/processed\rock\processed_6TC3PefZj9PxEdqz.png,0
../data/processed\scissors\processed_rOigyekSUNnTrmz6.png,2
../data/processed\scissors\processed_GGQjHIWNHMjBHBsr.png,2
../data/processed\rock\processed_FopS2RV432i19UVz.png,0
../data/processed\scissors\processed_T6IiF7nWO9Tf0adD.png,2
../data/processed\paper\processed_e50cckZL8BKmqzjd.png,1
../data/processed\scissors\processed_urK4D0Tf5XNKCgIJ.png,2
../data/processed\paper\processed_QLXEsveWG3vywKfy.png,1
../data/processed\rock\processed_oHI3A0mSiVVJTSo6.png,0
../data/processed\rock\processed_yoses2FRtQruYUYE.png,0
../data/processed\paper\processed_ZnuLAMdyI9xJCcKE.png,1
../data/processed\rock\processed_E5mlbTDFPHA7QX9U.png,0
../data/processed\paper\processed_PTjpGk2rKf6mhx9z.png,1
../data/processed\paper\processed_qC5sV6TzOBzyzW0p.png,1
../data/processed\rock\processed_4QtEaLUAuzeJZKdK.png,0
../data/processed\paper\processed_OEFttKrmyc4bGb54.png,1
../data/processed\rock\processed_mwbC6miMP5CXTp3a.png,0
../data/processed\rock\processed_LlDkBm3uklZkHrB0.png,0
../data/processed\scissors\processed_Dcb4pD70p3oKdeIW.png,2
../data/processed\rock\processed_nS9fHg3r4luGv0mF.png,0
../data/processed\rock\processed_StZmJNdxOScdAqF0.png,0
../data/processed\scissors\processed_cDveaur4dR2ZCCo8.png,2
../data/processed\rock\processed_3k7WrSAInCaatFtl.png,0
../data/processed\paper\processed_gFqfkMtX39sTkrSB.png,1
../data/processed\scissors\processed_a9YV7Tzoj751vTun.png,2
../data/processed\paper\processed_JUn3VuVCoOKC5Nv2.png,1
../data/processed\paper\processed_O4H6QPX8bdwNiIie.png,1
../data/processed\paper\processed_90GH8JQWUw9PUnlA.png,1
../data/processed\paper\processed_HyLg8tH9blwT6eVy.png,1
../data/processed\scissors\processed_UJ5WJEvN4vQ86HKA.png,2
../data/processed\rock\processed_UElo8u1bUerF3JNe.png,0
../data/processed\paper\processed_QnjBVl6cFnyd2hVF.png,1
../data/processed\paper\processed_lhr6oNI2jMsi0Z6A.png,1
../data/processed\rock\processed_HnWLgtGVbnoPAaMK.png,0
../data/processed\scissors\processed_e1qGNUkh9ecj7QG3.png,2
../data/processed\rock\processed_whv9ZooPZNEjStCk.png,0
../data/processed\paper\processed_DE5gewqrqzSaVsdI.png,1
../data/processed\scissors\processed_AORIZvib6x3RaA82.png,2
../data/processed\paper\processed_KHfp6LJDEhqbcomR.png,1
../data/processed\rock\processed_KC8RPAtZSyUL0vaR.png,0
../data/processed\scissors\processed_YqEvBlhrl5XkzIlO.png,2
../data/processed\paper\processed_HbBcQItQ6d5yMDqL.png,1
../data/processed\paper\processed_crYtjQcVKQjCAWYq.png,1
../data/processed\scissors\processed_o3uLvDdBwKBY9793.png,2
../data/processed\paper\processed_Uok6jb9ObZxSWCDu.png,1
../data/processed\rock\processed_bqpOIN5gUl0r6vIS.png,0
../data/processed\scissors\processed_lGC1Z9CaHybrKaoK.png,2
../data/processed\rock\processed_g9lqYZfHWUb3cm08.png,0
../data/processed\scissors\processed_DJQMlkIuVBNMoXMX.png,2
../data/processed\paper\processed_9xyvz1JbPwNqtLgH.png,1
../data/processed\scissors\processed_ttGVYechgB3WAlum.png,2
../data/processed\scissors\processed_RRarqefXkioSeU1z.png,2
../data/processed\rock\processed_gaZKijiVXyjhSLYp.png,0
../data/processed\scissors\processed_bLJSE1dl7VbQCUF9.png,2
../data/processed\scissors\processed_9r4WuhdqPmffGmPA.png,2
../data/processed\rock\processed_cfFHU3Y39yeofrTg.png,0
../data/processed\paper\processed_UVuauoFm9Pk5JJre.png,1
../data/processed\rock\processed_9JYn3D5vkXtrasPJ.png,0
../data/processed\paper\processed_prCirglnpqZ4KRmM.png,1
../data/processed\paper\processed_2tDgPZGqbrw95j39.png,1
../data/processed\rock\processed_tErKQ83tdngWfp23.png,0
../data/processed\scissors\processed_Qonst5LFs961D77L.png,2
../data/processed\rock\processed_00nKV8oHuTGi20gq.png,0
../data/processed\paper\processed_t2SdNfWDiXGLJPBA.png,1
../data/processed\paper\processed_7L3Xke8iQBzywEPH.png,1
../data/processed\paper\processed_aKUFn8PEF7LP8BaX.png,1
../data/processed\rock\processed_5yHTRIIDcdrXqMYJ.png,0
../data/processed\scissors\processed_qu2vQ5gzrN7dOu1Y.png,2
../data/processed\rock\processed_I9Ej8xGU5ivG8R2F.png,0
../data/processed\scissors\processed_ainbAijlBiMxQcNq.png,2
../data/processed\scissors\processed_FHS2JqvlXGibavFw.png,2
../data/processed\rock\processed_2HSPQEteONUjEXAF.png,0
../data/processed\rock\processed_iVsm6EbRk1J1cEGN.png,0
../data/processed\rock\processed_IIRbCSbDRuQjm456.png,0
../data/processed\paper\processed_qM0f6IJPDfLRpo1d.png,1
../data/processed\scissors\processed_aRca3k5D1oCHVx0h.png,2
../data/processed\rock\processed_poJARbX3gvvFDPXQ.png,0
../data/processed\paper\processed_xioDLxSWnSZ5sDbQ.png,1
../data/processed\rock\processed_xn0aW7kbdkNaR2cj.png,0
../data/processed\scissors\processed_sjx49D4yv4AIXKCy.png,2
../data/processed\rock\processed_iYSPVRaZyIwKTrot.png,0
../data/processed\paper\processed_RqdXcCyqmXMxSDxn.png,1
../data/processed\paper\processed_qZX4Zcms0Ffpe8v7.png,1
../data/processed\rock\processed_p8g7qteM8iFK1Mdp.png,0
../data/processed\scissors\processed_ngrJl9cJoUVFdYwO.png,2
../data/processed\scissors\processed_5p5Qjz4unC0KcWoL.png,2
../data/processed\paper\processed_8I8hrFbPPNz6qWeV.png,1
../data/processed\scissors\processed_M8g1dW2y0mQxe3OR.png,2
../data/processed\scissors\processed_6weMqPPWdXLD7lNy.png,2
../data/processed\scissors\processed_8Gew5erdZ7A4K3gI.png,2
../data/processed\paper\processed_3JN7OPsnxDBpcVeD.png,1
../data/processed\rock\processed_2f25VA1nfxiC86xj.png,0
../data/processed\scissors\processed_FoYWUBXBw6qO7y0f.png,2
../data/processed\paper\processed_pW8TQWh9SoWh0HLE.png,1
../data/processed\paper\processed_nnf5jELXQuneoejn.png,1
../data/processed\scissors\processed_0Flw60Z2MAWWKn6S.png,2
../data/processed\rock\processed_oJgp2GfiHRHchjDv.png,0
../data/processed\paper\processed_ZGQV7rFVePreAdOe.png,1
../data/processed\rock\processed_YmNXS0VhjQjldK3P.png,0
../data/processed\paper\processed_DsaaqkHZUN3pmcwH.png,1
../data/processed\rock\processed_hfNIdhXfFcNcv37n.png,0
../data/processed\paper\processed_XF9I4tnxCvI7XzIG.png,1
../data/processed\paper\processed_ZBA0HPVlxkCdle5v.png,1
../data/processed\paper\processed_KSueOZE0QWbJClvK.png,1
../data/processed\scissors\processed_OLq5gEcrMDGftxeG.png,2
../data/processed\rock\processed_19H63c0MWD56EWNq.png,0
../data/processed\paper\processed_BfFGJgByTJnxADwA.png,1
../data/processed\paper\processed_QASICiZe79sFTXBz.png,1
../data/processed\paper\processed_jYSFgcG68qqavVn6.png,1
../data/processed\paper\processed_cI2tl5vM2koXZPfG.png,1
../data/processed\rock\processed_cfyxwMjZmO6RYzLq.png,0
../data/processed\paper\processed_nOTm1e00MAJxvpwp.png,1
../data/processed\paper\processed_MKe2ciaSOmdDH1JK.png,1
../data/processed\rock\processed_so3Om75mBnUfBdTe.png,0
../data/processed\rock\processed_INutMuoFBgugllQm.png,0
../data/processed\paper\processed_Qxx5l8WCNBjMb5xI.png,1
../data/processed\scissors\processed_LNyVq7Qg9M0S6RMZ.png,2
../data/processed\scissors\processed_XBP2RvuuQk5EMXsW.png,2
../data/processed\paper\processed_UOW45qbyvti8nBHV.png,1
../data/processed\paper\processed_NLwrHPTaiNSMjHLX.png,1
../data/processed\paper\processed_HU7Q4utMI0vHMxlh.png,1
../data/processed\paper\processed_bQO2dBIReHsgMCBi.png,1
../data/processed\scissors\processed_oDhw5SDj3rprGmyc.png,2
../data/processed\scissors\processed_Ea5uaRMj6JwEAEtn.png,2
../data/processed\scissors\processed_JULz0bpEBDkoMfh4.png,2
../data/processed\paper\processed_LpASHQ03atiBeyRw.png,1
../data/processed\paper\processed_45OQyZuXtfNCc8Rk.png,1
../data/processed\paper\processed_Zo0eTAGaUb4ewSkf.png,1
../data/processed\paper\processed_Lq77eAG8OPaizwEd.png,1
../data/processed\scissors\processed_AOao5nWv96N9SV7O.png,2
../data/processed\scissors\processed_TUB0nmtfE8SZjEzL.png,2
../data/processed\paper\processed_UQIJiOYi6zCaIeue.png,1
../data/processed\paper\processed_IQsx834hZ2POqopO.png,1
../data/processed\rock\processed_jJVH6kP3VRPHbWvs.png,0
../data/processed\rock\processed_1UXuUYJ4rVj2eSvt.png,0
../data/processed\paper\processed_vFCd43peE8nozYko.png,1
../data/processed\scissors\processed_R9GlL5dx9nmjXWlS.png,2
../data/processed\rock\processed_koWcxNMbMRN8TxnP.png,0
../data/processed\scissors\processed_nfqbRmCrRbEXjgfb.png,2
../data/processed\paper\processed_ueuECCtQxOjHF1ij.png,1
../data/processed\paper\processed_eLBTZkvB4E951ml0.png,1
../data/processed\paper\processed_KJ77yLPN943SrPZW.png,1
../data/processed\scissors\processed_z7TWGDT2mb6DsKuG.png,2
../data/processed\paper\processed_9OyGmAsWD5Ie6QIa.png,1
../data/processed\scissors\processed_2tRxoWcFfrvjsHTZ.png,2
../data/processed\paper\processed_Lmx5I567tGyQ9HYi.png,1
../data/processed\rock\processed_OavUnCwAEACzIK0A.png,0
../data/processed\scissors\processed_SWoqkY88y24jzfHP.png,2
../data/processed\scissors\processed_TklTtKIVRWh2HA94.png,2
../data/processed\paper\processed_zGty6p4zGTzRip73.png,1
../data/processed\scissors\processed_MpiOsioYVx1AJelO.png,2
../data/processed\rock\processed_yAKYvpfUMYbJhbDP.png,0
../data/processed\rock\processed_iCR447ESdUXjdOFz.png,0
../data/processed\scissors\processed_nf8YKjeoUMPtr65m.png,2
../data/processed\rock\processed_2O9XPBJRT119drWX.png,0
../data/processed\scissors\processed_2TAGoXw7yaK0bXBu.png,2
../data/processed\scissors\processed_qHXkVDE4py7UfvIQ.png,2
../data/processed\paper\processed_FxLuxwBp9Hw2th2O.png,1
../data/processed\rock\processed_oO3NO14nRLCUNjuZ.png,0
../data/processed\rock\processed_wjljU5HhXhirxPZ3.png,0
../data/processed\rock\processed_IRSnSZdAUmx8ZVkD.png,0
../data/processed\scissors\processed_r2sdyTijtdmySs6h.png,2
../data/processed\paper\processed_RlpqfQnTgM6AxUNs.png,1
../data/processed\scissors\processed_tVigGbWgM7Rp9ic4.png,2
../data/processed\rock\processed_sKD8rWd2xMuZQl49.png,0
../data/processed\paper\processed_K6IACWoiTOnGR9Np.png,1
../data/processed\paper\processed_s73bLQf6K0lw4RDJ.png,1
../data/processed\scissors\processed_dFlxUAypUgfOZqoV.png,2
../data/processed\scissors\processed_fXrAew7llUJLK8CU.png,2
../data/processed\scissors\processed_ZCr3PjDcttbKRAAW.png,2
../data/processed\paper\processed_ib30bLCbBl0mKWko.png,1
../data/processed\rock\processed_2JRYQXb5kmlhgD5i.png,0
../data/processed\scissors\processed_p67xXnYGlchlu7pi.png,2
../data/processed\paper\processed_C0WynzBAhXQGSywJ.png,1
../data/processed\paper\processed_8NNPWO3e2oNq8lg9.png,1
../data/processed\paper\processed_qsRQNgddFhV2Mlnn.png,1
../data/processed\paper\processed_7ZGsbIMypDIEZxR0.png,1
../data/processed\scissors\processed_YTAomJ0XCIRzqKKX.png,2
../data/processed\scissors\processed_twG9gv5cSKwb2CqR.png,2
../data/processed\rock\processed_eb93o1ZDeBlrdfyc.png,0
../data/processed\paper\processed_RJrQJX31bej6flMr.png,1
../data/processed\rock\processed_Qs7kzLICH4ZpdyPo.png,0
../data/processed\rock\processed_muKpkJF3C3j0TmAN.png,0
../data/processed\scissors\processed_d9N9D5ldS6PCfFXu.png,2
../data/processed\rock\processed_DNnBWydGbZkwxkWz.png,0
../data/processed\scissors\processed_FZTB5QPwvq7b9xok.png,2
../data/processed\paper\processed_qQim08vMQ6OUCtbR.png,1
../data/processed\paper\processed_jaxChUvakWAN9eTs.png,1
../data/processed\scissors\processed_2ufDQYIqKG1xRG7y.png,2
../data/processed\scissors\processed_P2mN2BN7A8eaYm1l.png,2
../data/processed\scissors\processed_VQI4ru8aVkvWIHT4.png,2
../data/processed\scissors\processed_yiOfEmSzPhjaYDwH.png,2
../data/processed\paper\processed_D9nbrQLDSgDMNh3G.png,1
../data/processed\paper\processed_4hcthlc3eCByBJFh.png,1
../data/processed\paper\processed_bxn0wMR4QebqVl62.png,1
../data/processed\scissors\processed_gs2BzCeH7aDo8Lhs.png,2
../data/processed\scissors\processed_65PVbRzrpzfdu8nJ.png,2
../data/processed\paper\processed_AjwddXm0ttm7Ts5J.png,1
../data/processed\scissors\processed_asi6ZQCskd51eHm1.png,2
../data/processed\rock\processed_ELmZ4ELVncvjq7J6.png,0
../data/processed\paper\processed_CwFaCN3ykqwQ6KZV.png,1
../data/processed\rock\processed_dLrum1jVnQix8sV5.png,0
../data/processed\rock\processed_IoVOalbQe90ghv9U.png,0
../data/processed\scissors\processed_W6jpdF8qZXwnsopw.png,2
../data/processed\paper\processed_NnWvTxntBJ5mFY73.png,1
../data/processed\scissors\processed_nukdu4gV8vol1FY9.png,2
../data/processed\rock\processed_81eTWj04M9fRjy51.png,0
../data/processed\scissors\processed_6CyIuv1pvHDwTWmR.png,2
../data/processed\paper\processed_BqGdYFfhQ4sOU5Xl.png,1
../data/processed\scissors\processed_9YPMzKwEOWcIx1oN.png,2
../data/processed\rock\processed_qUjyvBdP04lUmBkl.png,0
../data/processed\paper\processed_IkSLcJtq4O6iBmE4.png,1
../data/processed\scissors\processed_GgA8wrylOr4pvJhZ.png,2
../data/processed\scissors\processed_kyzq1dNdXgG9OZDb.png,2
../data/processed\scissors\processed_55yz6JI9f5DTbq9D.png,2
../data/processed\paper\processed_UCZlOkcylNYU2ylP.png,1
../data/processed\scissors\processed_PWtGlvRP69nLSr9F.png,2
../data/processed\scissors\processed_hmu0D0hhHVAD8wXd.png,2
../data/processed\rock\processed_g04l14MAwqQthuWW.png,0
../data/processed\scissors\processed_Em50Yggfyz815VUH.png,2
../data/processed\paper\processed_jZe5ePOjxcQEJitP.png,1
../data/processed\rock\processed_JMkBm2iBy4VxFChU.png,0
../data/processed\paper\processed_9yGlnLxGtzq1gJti.png,1
../data/processed\rock\processed_yxZyXGFCtnDwavIo.png,0
../data/processed\scissors\processed_ReZf7r7O8OZ1R3Cm.png,2
../data/processed\paper\processed_UGHu0zv6pWOmgBWn.png,1
../data/processed\rock\processed_AydtaubqlFzR1W5x.png,0
../data/processed\scissors\processed_XN42vZFFWvOwwrEb.png,2
../data/processed\rock\processed_5dxMkdp9L1r6Dv8X.png,0
../data/processed\paper\processed_OSEIPDjPzHw3gKjc.png,1
../data/processed\scissors\processed_GacGc5Z89bSZ5IXG.png,2
../data/processed\paper\processed_cUFSYeNYdnhRB6MD.png,1
../data/processed\rock\processed_JIdgNYR5ymqv8uxv.png,0
../data/processed\scissors\processed_g1gIEqOv6YDveleA.png,2
../data/processed\scissors\processed_ZKG6hW0U101PcEoo.png,2
../data/processed\rock\processed_XLXLcpDFWHNVkYQ6.png,0
../data/processed\paper\processed_atICt4otp6p6h31G.png,1
../data/processed\scissors\processed_z6HDaayUjgx6LnhS.png,2
../data/processed\scissors\processed_N6hnu1jJLEfigfYH.png,2
../data/processed\scissors\processed_tLHK08LTpqrSPnkX.png,2
../data/processed\scissors\processed_yxCsGCXdJ0UuGEol.png,2
../data/processed\rock\processed_1WuMUpzupKs67q29.png,0
../data/processed\rock\processed_qTswJhA6jQYT4y3b.png,0
../data/processed\scissors\processed_6z9hCJxzN11rIsJH.png,2
../data/processed\scissors\processed_JraYBjsfVGokNFhR.png,2
../data/processed\rock\processed_02vG75hQW9Vp4oTl.png,0
../data/processed\scissors\processed_H9H5HhYMY6vhEUJ4.png,2
../data/processed\rock\processed_zihL322yBqQvYvhE.png,0
../data/processed\rock\processed_NND8kMRxPKa3HfWX.png,0
../data/processed\rock\processed_dD2TpDGv5gsYUJAl.png,0
../data/processed\scissors\processed_P89hjrsbJroQJg19.png,2
../data/processed\scissors\processed_BpCDUnGgYRS4T8IG.png,2
../data/processed\paper\processed_2DQbLQfHlfrcATqi.png,1
../data/processed\rock\processed_zdNuxse3BvJK3s6Q.png,0
../data/processed\rock\processed_UCZq5Q5ovMiGJLwX.png,0
../data/processed\rock\processed_nKBG8QSEBTwgkoVp.png,0
../data/processed\scissors\processed_vk4PY18fJkMJvtbm.png,2
../data/processed\rock\processed_J5ZDRE5Cp9jyHs7s.png,0
../data/processed\rock\processed_hAcc7l7XQ9EtxxfR.png,0
../data/processed\scissors\processed_qhd04h0tECbOylIV.png,2
../data/processed\scissors\processed_eTkUxksFCvfsbVLs.png,2
../data/processed\scissors\processed_2EeIeEe1P0a0Fi9v.png,2
../data/processed\paper\processed_FEdPo8Z0t3bB1hHC.png,1
../data/processed\scissors\processed_64ktckSF0c26K6AY.png,2
../data/processed\paper\processed_821xYeW8U0Iy6qVX.png,1
../data/processed\paper\processed_6OhEpnz0QxBCfbXE.png,1
../data/processed\rock\processed_qKPJSQplDj0grFPp.png,0
../data/processed\scissors\processed_8rqHdq10eHPzVV4N.png,2
../data/processed\scissors\processed_Q2F8cfDaghfz8PyX.png,2
../data/processed\rock\processed_PvAvhK0mbyEq1fcC.png,0
../data/processed\rock\processed_JspEtoXj1u5CjLmG.png,0
../data/processed\rock\processed_Wy9ESbYGxHgmqy9H.png,0
../data/processed\scissors\processed_otBEUIQNFGMk80vF.png,2
../data/processed\paper\processed_gpipGA62xfMjfr8O.png,1
../data/processed\scissors\processed_vLsE4fWvRdNXdkvb.png,2
../data/processed\rock\processed_TIm7htC6BXzkOitR.png,0
../data/processed\scissors\processed_FEpMZLoRy5eAgRvh.png,2
../data/processed\scissors\processed_AoGoNngxM4z3CboT.png,2
../data/processed\scissors\processed_4X8TOCQTfCWnMfm2.png,2
../data/processed\paper\processed_UHyVkisiFMmasl7b.png,1
../data/processed\paper\processed_FqTkhXfEVeaGHReH.png,1
../data/processed\scissors\processed_WUEe440w137BuSEE.png,2
../data/processed\rock\processed_IQZU5YimtmEB2sSk.png,0
../data/processed\rock\processed_z2NDPC5oc02bXnnK.png,0
../data/processed\paper\processed_b15QGB4XPECDemV5.png,1
../data/processed\rock\processed_ZWKMxS1Yoa5ZvkOz.png,0
../data/processed\paper\processed_RmJmYq6VCNrrvi2l.png,1
../data/processed\scissors\processed_psMU7A2lP3JHiyjV.png,2
../data/processed\rock\processed_3XNPuMFoaFCfRCVb.png,0
../data/processed\paper\processed_C7zCG474LseZgn8o.png,1
../data/processed\paper\processed_Je4YZuaXlY4KaAfQ.png,1
../data/processed\scissors\processed_VNbhUgHmivsf9WeB.png,2
../data/processed\scissors\processed_IqHedcZ3nrBRxpn6.png,2
../data/processed\rock\processed_boppgwG3Rz1zqCNK.png,0
../data/processed\scissors\processed_GIFgGPzv7MykUgzM.png,2
../data/processed\paper\processed_ul2wGK0NgJXs8mHv.png,1
../data/processed\rock\processed_2EAkMCm7ZLnNoBQ7.png,0
../data/processed\paper\processed_fnbn7osMCGWmqHKZ.png,1
../data/processed\paper\processed_460WcktBwCAzsU0A.png,1
../data/processed\paper\processed_qjNwQMtSzoZKXOGe.png,1
../data/processed\paper\processed_Y7DDimLAYeU323au.png,1
../data/processed\rock\processed_N235Vnlue0M9SwaK.png,0
../data/processed\scissors\processed_yt2EhLUQ7yDuIlG4.png,2
../data/processed\paper\processed_aICabYNb79bdS6Mu.png,1
../data/processed\rock\processed_Tz2CIaI6bZXdon61.png,0
../data/processed\scissors\processed_N1OyHVPqxT0iO0vF.png,2
../data/processed\paper\processed_wYsHIJDvNLDvn4m7.png,1
../data/processed\scissors\processed_9A40U8awLxJ2lf1E.png,2
../data/processed\rock\processed_2j9iOcnxJzcyaFB5.png,0
../data/processed\paper\processed_ZjHU1M9wOwgrm7SX.png,1
../data/processed\scissors\processed_K06meJWsLavqjfyX.png,2
../data/processed\rock\processed_nxmKEzuM4rL8EcIe.png,0
../data/processed\rock\processed_goDBJj8kMSQbpQZT.png,0
../data/processed\rock\processed_No7Qf3DONPRwor5U.png,0
../data/processed\rock\processed_iDKbsfPFabN9bUKT.png,0
../data/processed\paper\processed_TnoLyTMw8xPdz0ck.png,1
../data/processed\paper\processed_PZrfX01MvfB3oeyB.png,1
../data/processed\paper\processed_oKx22gb6XjI0aXHR.png,1
../data/processed\rock\processed_bu8W5hPRULeRi0Kr.png,0
../data/processed\paper\processed_pRZml1c5DSIzYVxA.png,1
../data/processed\rock\processed_zZRojXITRo7bAIRT.png,0
../data/processed\paper\processed_SjE9MULuPPnbplHT.png,1
../data/processed\rock\processed_Mwr4GgRRk6BgHDVL.png,0
../data/processed\rock\processed_HptkIYoVoE2yV9Yk.png,0
../data/processed\paper\processed_wBuXrsjeqMn4ZXdn.png,1
../data/processed\rock\processed_I8DyB4yRN0Q8voWp.png,0
../data/processed\paper\processed_C5LDaiOquQm9mDVH.png,1
../data/processed\rock\processed_O3ko4JxjCkdULELr.png,0
../data/processed\paper\processed_fCX7MPg0xO4QP2Mk.png,1
../data/processed\rock\processed_KKYleXVUgi0h0np4.png,0
../data/processed\paper\processed_tfMCcOsRUhEJZF6I.png,1
../data/processed\paper\processed_7fRLxoheLluOwCkp.png,1
../data/processed\rock\processed_NpJEIrbBZBhud8tg.png,0
../data/processed\scissors\processed_PJxEXjRb0K0Mpgsz.png,2
../data/processed\scissors\processed_RTCZxs3LhwklhSKk.png,2
../data/processed\rock\processed_JXD8WyY4cQoEyvtU.png,0
../data/processed\scissors\processed_XwaRRl8CwYMJKx95.png,2
../data/processed\rock\processed_XRnYppsMGdfUa5mZ.png,0
../data/processed\scissors\processed_P3sJVlVAylvpky7E.png,2
../data/processed\rock\processed_M5FhZFlXsmRMTHkc.png,0
../data/processed\rock\processed_MLmBabhqRs9Gxec0.png,0
../data/processed\scissors\processed_RhZBWRRTO5Uen1Yp.png,2
../data/processed\paper\processed_DDHIkmyeaJPV7k0A.png,1
../data/processed\rock\processed_PgQOJNqwh3jq6vCr.png,0
../data/processed\scissors\processed_M8ctr4cjddfGnoWg.png,2
../data/processed\scissors\processed_bzQcSRVP3M7abinD.png,2
../data/processed\scissors\processed_znR0vgP11p6yX3nI.png,2
../data/processed\paper\processed_QVIiXr87PkeldzZM.png,1
../data/processed\scissors\processed_xKyBoUZHpqSVqTLx.png,2
../data/processed\scissors\processed_AMl8nHQ9Ys6Tpvl3.png,2
../data/processed\rock\processed_MW1oWcAD7q1t0Ie6.png,0
../data/processed\scissors\processed_IY2XFK2Iinzy6K4i.png,2
../data/processed\paper\processed_TYjJigXjEyiVntzx.png,1
../data/processed\paper\processed_knWd03lNhoAUPdKX.png,1
../data/processed\scissors\processed_WtS1aLhJK2FZpcEt.png,2
../data/processed\scissors\processed_uI2O1DwI1nIIx9Qu.png,2
../data/processed\paper\processed_OMq2VJyb0KwtdwDc.png,1
../data/processed\scissors\processed_pZ9zE5ahoKZhIZqm.png,2
../data/processed\rock\processed_U3EwYhdeoTjy3xBf.png,0
../data/processed\paper\processed_ZFMh222FMJzr0yLD.png,1
../data/processed\rock\processed_ktot0Gt2YvkPXl1X.png,0
../data/processed\paper\processed_cw7oAjQLSjDYZPXH.png,1
../data/processed\scissors\processed_5mipmm4t8RM5o0tW.png,2
../data/processed\paper\processed_L2S17RtFi8XXp6b8.png,1
../data/processed\paper\processed_7Vor5Uo4DweXkpE7.png,1
../data/processed\paper\processed_JOsGCJTsKvKGNHN1.png,1
../data/processed\paper\processed_RtFKKjIDZ0zA0khp.png,1
../data/processed\rock\processed_Mi2FjtLVdVgcJHxP.png,0
../data/processed\scissors\processed_KSNET1XTWbrg5Rcz.png,2
../data/processed\scissors\processed_tTOLtCt5p5upFetg.png,2
../data/processed\scissors\processed_ntwoVP9pgUbs3LGq.png,2
../data/processed\rock\processed_hMqKoUYAvB91YRuO.png,0
../data/processed\paper\processed_755DbuyE4rf2oGPA.png,1
../data/processed\scissors\processed_8aOKoHx8aFjtDkxJ.png,2
../data/processed\rock\processed_Shr7grl23ISlh4Yu.png,0
../data/processed\scissors\processed_YLqWJoGJOcnoAZim.png,2
../data/processed\rock\processed_1vvcitV1s17gKdbn.png,0
../data/processed\scissors\processed_wjpTy95PqKpcRg9o.png,2
../data/processed\rock\processed_XmtW0hEB1JqbZ3eu.png,0
../data/processed\rock\processed_QM8un28uGzplAkrb.png,0
../data/processed\rock\processed_qNLvry2jUcwSulgu.png,0
../data/processed\paper\processed_N4D5tleMLbP1Au5D.png,1
../data/processed\rock\processed_ZljuXHZdMhwFPe6H.png,0
../data/processed\scissors\processed_H9JStRaVHPocFlEq.png,2
../data/processed\rock\processed_8pxbBnbfqzX3ijVM.png,0
../data/processed\paper\processed_kmBByXdkwf5Vro8P.png,1
../data/processed\scissors\processed_HLeuB19sXYxS84Gt.png,2
../data/processed\paper\processed_wdUfwC8IoQbVtqzR.png,1
../data/processed\scissors\processed_1CXgK9fgGdSRggD9.png,2
../data/processed\paper\processed_qbWKhamyFLSmXCgZ.png,1
../data/processed\paper\processed_FKhLHIIqEsYmoZxy.png,1
../data/processed\scissors\processed_j3c7JHbJwmnOq6cu.png,2
../data/processed\paper\processed_5RvFm2PYoG18yIZO.png,1
../data/processed\rock\processed_HHXLX66BbEVNYl6W.png,0
../data/processed\rock\processed_VxODCZVhiNVfWsLj.png,0
../data/processed\paper\processed_gO7yxcP6H1vZ7lOe.png,1
../data/processed\rock\processed_IcqtnpGHgStAPMXM.png,0
../data/processed\paper\processed_0vugygEjxQJPr9yz.png,1
../data/processed\rock\processed_sY2021zJacpvGLBT.png,0
../data/processed\paper\processed_74FZPuPPfVCwqHgO.png,1
../data/processed\rock\processed_DEX2gmMwS3fxdi23.png,0
../data/processed\scissors\processed_mdSPppG9v9OmnIyY.png,2
../data/processed\scissors\processed_syu2UUmhELg3nol9.png,2
../data/processed\rock\processed_4RyeZiScDO5Z45oG.png,0
../data/processed\rock\processed_qMWVb6BibNukvVrj.png,0
../data/processed\scissors\processed_XrNTSnUh9OxytAYI.png,2
../data/processed\rock\processed_W502bu3C93KtmDol.png,0
../data/processed\rock\processed_bVzc0yl2Cm3xkOgB.png,0
../data/processed\rock\processed_Bv1IS98JTiuZC7Bs.png,0
../data/processed\scissors\processed_xAnfzBYnsnuru9Nf.png,2
../data/processed\rock\processed_8CjXmw1rSkNLaj6p.png,0
../data/processed\paper\processed_vUtM1pR6f5ZdEn5a.png,1
../data/processed\paper\processed_MLURv7NBoSPK4f1h.png,1
../data/processed\paper\processed_qWHWCHG7exZiCfdq.png,1
../data/processed\paper\processed_6ycslJxTsTjZc5H2.png,1
../data/processed\rock\processed_1e1VCnCEApnFh9Oo.png,0
../data/processed\rock\processed_hNKauGm372Z48JWy.png,0
../data/processed\rock\processed_C82Z7IFPlfaDFF71.png,0
../data/processed\scissors\processed_HAjiwatcnWjWeEeT.png,2
../data/processed\paper\processed_TcybcTuKdMPA4xpT.png,1
../data/processed\paper\processed_dUDR2ViadkqS6EHf.png,1
../data/processed\rock\processed_ZVYkpv1wvpH7lSDu.png,0
../data/processed\paper\processed_W4QtOYoG8ThbcmsY.png,1
../data/processed\scissors\processed_uCRRTGuvPMUiZXYz.png,2
../data/processed\rock\processed_k3AidZ3WX8t14gcJ.png,0
../data/processed\paper\processed_qGf97ZWPmGYzlTpo.png,1
../data/processed\scissors\processed_uFQ3SN5QxNyXoBmx.png,2
../data/processed\paper\processed_nSfRj8Sp6S0GsMVm.png,1
../data/processed\scissors\processed_VcyQqsyvtkuKXWWz.png,2
../data/processed\scissors\processed_PQTyLq9Esb7RzmzH.png,2
../data/processed\rock\processed_0bioBZYFCXqJIulm.png,0
../data/processed\rock\processed_esqqaIq6wKOr8EK6.png,0
../data/processed\rock\processed_yt9k2pmBRzMEXoee.png,0
../data/processed\scissors\processed_GktptVfvaYXOIJCz.png,2
../data/processed\scissors\processed_jL3CMVgsLdWznnKe.png,2
../data/processed\paper\processed_QCqvYDzuP0z3omox.png,1
../data/processed\rock\processed_PZqNg7IprOGg561e.png,0
../data/processed\paper\processed_yB11HwUEuYHhVlKo.png,1
../data/processed\scissors\processed_e8hlT6glM2V2RYgN.png,2
../data/processed\paper\processed_aac4C8FFlVQw6aGM.png,1
../data/processed\paper\processed_FmDdvclwy9Wc1zfc.png,1
../data/processed\rock\processed_ON7ALRXFwvKHbBPL.png,0
../data/processed\scissors\processed_kiUc9msxBC2UZJ5g.png,2
../data/processed\rock\processed_fsN97zyPFSfYwnsS.png,0
../data/processed\paper\processed_ZGLUqWHjarBly23b.png,1
../data/processed\rock\processed_2nSUlcvPf1DOCo1j.png,0
../data/processed\scissors\processed_IBauM2TU1KmGhsfT.png,2
../data/processed\scissors\processed_FSQhfK1gcYqm4O4W.png,2
../data/processed\scissors\processed_od9zrr7aF0p8VPRM.png,2
../data/processed\scissors\processed_FzdAQgBSi3eRbR4z.png,2
../data/processed\rock\processed_U4HuPlTKsnXYExzJ.png,0
../data/processed\paper\processed_KqCGmJ8WCrqE5Uvg.png,1
../data/processed\rock\processed_v9fNaoRtExGYVHgL.png,0
../data/processed\scissors\processed_qHNvtsWSBDT0FnMt.png,2
../data/processed\scissors\processed_dLkgXxZJ7KFoD4Ky.png,2
../data/processed\paper\processed_dF7Gvm0vgCJZofAW.png,1
../data/processed\rock\processed_iupz1I8ISgp6PDj7.png,0
../data/processed\paper\processed_LAhqdrhPNg3ZLxpr.png,1
../data/processed\rock\processed_bn4i63wrObqbJECw.png,0
../data/processed\paper\processed_7v943QrV87m1Fx5U.png,1
../data/processed\scissors\processed_OLBaBUjL8DE58OvS.png,2
../data/processed\scissors\processed_x0d1n2y61LHxML3g.png,2
../data/processed\rock\processed_JxhewAxaOg3wB1gA.png,0
../data/processed\paper\processed_xyFhBLzUNatOchjM.png,1
../data/processed\scissors\processed_hJuytZrZ7fR1CWyi.png,2
../data/processed\scissors\processed_Jqu0bjUyPoEcMNhN.png,2
../data/processed\rock\processed_nW7S3LYj4C49mX06.png,0
../data/processed\rock\processed_bvMd98SEEKS3YxmD.png,0
../data/processed\paper\processed_qRNjm8INtwezm9Yd.png,1
../data/processed\rock\processed_os5rNj49BIDCwHLD.png,0
../data/processed\rock\processed_abNcCRBP8z4cNQco.png,0
../data/processed\paper\processed_Mv6oOH192gse3oZA.png,1
../data/processed\paper\processed_pwM1GeKjG7KE4i75.png,1
../data/processed\paper\processed_cOHWfHkyo8sqWnpW.png,1
../data/processed\rock\processed_gtVEm7JEdr0wE1ip.png,0
../data/processed\rock\processed_IQNb5XBjdbYa7A2W.png,0
../data/processed\scissors\processed_6ZoT4ZO8D4G74afj.png,2
../data/processed\scissors\processed_tZYSEIgQN7PZ31tk.png,2
../data/processed\scissors\processed_67sMDIYRNxuVsQQ8.png,2
../data/processed\paper\processed_CnRjJejRPD3QmYTl.png,1
../data/processed\paper\processed_MnvVVMoqDmzrm5NJ.png,1
../data/processed\paper\processed_PwkqvoT0noMITNaF.png,1
../data/processed\paper\processed_Xr1e0JehAkRxNzTj.png,1
../data/processed\rock\processed_6HsTnF20TAnDZiRT.png,0
../data/processed\scissors\processed_4E0THAnIciVeLK79.png,2
../data/processed\scissors\processed_jX4XP2bjq762S0Wj.png,2
../data/processed\paper\processed_WejRez1oUWm5lhuw.png,1
../data/processed\rock\processed_9kYPKMVtd4nOvSK4.png,0
../data/processed\paper\processed_JlMP0YH6vhxWRMZz.png,1
../data/processed\scissors\processed_gWsh2wyYZXw7an5G.png,2
../data/processed\rock\processed_2NmrcDGkc7FQuu12.png,0
../data/processed\scissors\processed_1jKhi65BPTLXnUI6.png,2
../data/processed\rock\processed_xc9iqz3P8tF5YdCG.png,0
../data/processed\scissors\processed_tpIDNu7Hg6k1SZef.png,2
../data/processed\paper\processed_yUhvKMWrPQ9sJ78m.png,1
../data/processed\rock\processed_2Pt5UNQkMzXLtbEp.png,0
../data/processed\rock\processed_qT0oCJChnoVWNqC1.png,0
../data/processed\scissors\processed_aDk2yxglXt7Xkrzw.png,2
../data/processed\paper\processed_JbnPCQTbu7AS9jvo.png,1
../data/processed\rock\processed_JqR15GsfOszxXGP2.png,0
../data/processed\paper\processed_1uoW7QcH2qAgCTxv.png,1
../data/processed\rock\processed_Wq3GbJvvJWcF9OoW.png,0
../data/processed\scissors\processed_TfQG2fJYyDv8Ic8P.png,2
../data/processed\paper\processed_n1H2YStjFsCwmlYz.png,1
../data/processed\rock\processed_CpWDLKaUbf6poyIj.png,0
../data/processed\paper\processed_HarpXSxVfoAJ9cFe.png,1
../data/processed\paper\processed_1oKnUgV2CdCaQUUX.png,1
../data/processed\rock\processed_dA1kwqyPaGEErN3j.png,0
../data/processed\rock\processed_LvqSpAbFMyQ1H0Ms.png,0
../data/processed\paper\processed_RFXW2X1DlH7xboth.png,1
../data/processed\scissors\processed_zepzkaBk60xgpP3C.png,2
../data/processed\scissors\processed_TJUiCdN9LUl2xPSE.png,2
../data/processed\rock\processed_3wrX8EawcOolzrAY.png,0
../data/processed\scissors\processed_YtwkLLgHWgoRfTaB.png,2
../data/processed\scissors\processed_UlvWQ1fnwQeGYNTa.png,2
../data/processed\paper\processed_7NyxZyxSJ1gphzUE.png,1
../data/processed\paper\processed_UvFHqrnEwsrs6MgC.png,1
../data/processed\rock\processed_brPQ0E5Gk9L0FHey.png,0
../data/processed\scissors\processed_gQyIUVHeIS3WYuzv.png,2
../data/processed\scissors\processed_JOwOktLqjDF0qFIW.png,2
../data/processed\rock\processed_6bGxG6c9DxmZBcIB.png,0
../data/processed\rock\processed_y6SQqRL9aPExUa7f.png,0
../data/processed\rock\processed_W7LNJeGLwxY8gzGf.png,0
../data/processed\scissors\processed_JCPNp02x7U7KU7bP.png,2
../data/processed\scissors\processed_MdKQlVomcJJ6Z1GA.png,2
../data/processed\scissors\processed_IZYmxHXE1DVHJfYm.png,2
../data/processed\rock\processed_v7SoU8w2zc8vc7PI.png,0
../data/processed\scissors\processed_MPiImIdtqCEKxDbP.png,2
../data/processed\scissors\processed_OWzxS6m9SGpk1bnY.png,2
../data/processed\rock\processed_oGRxysPJ1UwCl0Oh.png,0
../data/processed\scissors\processed_7SOrAw5PvJghnwuq.png,2
../data/processed\scissors\processed_KcCGOFZoEMOitVPh.png,2
../data/processed\scissors\processed_WCJ45vWIRykFDXkA.png,2
../data/processed\scissors\processed_63khvkT3L0GCdMHh.png,2
../data/processed\paper\processed_qhhaVBNDIWDdNR2Y.png,1
../data/processed\rock\processed_DFi1cIxsQrXxIoWn.png,0
../data/processed\paper\processed_aINwMVFw8UopgTOm.png,1
../data/processed\paper\processed_UJXhVbWUgUnzedxP.png,1
../data/processed\scissors\processed_8dKMDDHzX9WeRAaN.png,2
../data/processed\rock\processed_how0vUOltuU1m495.png,0
../data/processed\rock\processed_iaEybTdfnL0RoU9I.png,0
../data/processed\paper\processed_PbqPTUSB4HxBVDZZ.png,1
../data/processed\rock\processed_yQIWMi6PpMKRMZaa.png,0
../data/processed\rock\processed_ReFXAsLF8NkgNAL4.png,0
../data/processed\paper\processed_ldGrLw1rlUq1nHuw.png,1
../data/processed\paper\processed_zz1yffW197uYO6DI.png,1
../data/processed\rock\processed_bX0QhJtFkkDn1bEw.png,0
../data/processed\paper\processed_owYHB2dx7ExdKxsR.png,1
../data/processed\scissors\processed_nOIg15ZJ3XuUVkT3.png,2
../data/processed\scissors\processed_itXNIVO7ghl2qja8.png,2
../data/processed\paper\processed_DGR6Jkl5GJY9Sez0.png,1
../data/processed\rock\processed_UCkxupMKtpEo5qdk.png,0
../data/processed\paper\processed_hH7jcOkAiHqNDWcy.png,1
../data/processed\rock\processed_o3gQiGh46MjCJtVK.png,0
../data/processed\scissors\processed_xtv6VZ84IEFHd9pS.png,2
../data/processed\scissors\processed_wMLAOfEG0tDVHVX0.png,2
../data/processed\rock\processed_cy37is7PNfZQJ6SU.png,0
../data/processed\rock\processed_qnvJFE0EKgfw4xr8.png,0
../data/processed\rock\processed_T6biQxOCDlM5ad7k.png,0
../data/processed\scissors\processed_PsPaUu1XDiYpp92z.png,2
../data/processed\paper\processed_ePEd8TOzTgrGz5M2.png,1
../data/processed\scissors\processed_YI6MrQ5Fa7DXhcjr.png,2
../data/processed\paper\processed_khFWD3MPEKPitVyA.png,1
../data/processed\rock\processed_Vt8bxMbkU4svFwyN.png,0
../data/processed\scissors\processed_0657zSfiTYzP2jrl.png,2
../data/processed\rock\processed_aZ8XOOHozlep9lS2.png,0
../data/processed\paper\processed_HXxUlm3O2djcDgUR.png,1
../data/processed\paper\processed_IlrxPx0XNL2QslmW.png,1
../data/processed\scissors\processed_itSX8Pe5BwSSbcEb.png,2
../data/processed\paper\processed_G4QepYlFnpE8Zse4.png,1
../data/processed\scissors\processed_FeKk3jfdVyzHV7l5.png,2
../data/processed\paper\processed_BLqL31aC5YLmx3uF.png,1
../data/processed\rock\processed_gc8jqxVapG2o8ol1.png,0
../data/processed\paper\processed_dPSQ4TKPBJyjv6cH.png,1
../data/processed\paper\processed_2PiUTczN5Ez4VreF.png,1
../data/processed\rock\processed_UMhiPBxOmfSpItMU.png,0
../data/processed\paper\processed_Qbn4RJqessetWPHR.png,1
../data/processed\rock\processed_QO4ebj2KlmPIU1Eo.png,0
../data/processed\rock\processed_9OOydp53FQwUHu3u.png,0
../data/processed\scissors\processed_At8YmfH681yAI9O6.png,2
../data/processed\scissors\processed_RtsIA3p963IFGi8t.png,2
../data/processed\rock\processed_srlcv9vYJ9c9OUsC.png,0
../data/processed\rock\processed_qGG51BxEClmts5xA.png,0
../data/processed\scissors\processed_caj9PiWZ2BenuxXF.png,2
../data/processed\paper\processed_ubb6xwgONJP3xBbv.png,1
../data/processed\scissors\processed_ukg3QI26FUEa7YDn.png,2
../data/processed\rock\processed_H97IYAhAPk2kHnsI.png,0
../data/processed\scissors\processed_dkrdiLQ61q78gidZ.png,2
../data/processed\rock\processed_kVwUUOjOc6VtZVMt.png,0
../data/processed\scissors\processed_qfwqUBajqgUWpW86.png,2
../data/processed\paper\processed_uoYuyEHvVLrOOmqW.png,1
../data/processed\paper\processed_vPvoQzBR7Paf5Jml.png,1
../data/processed\scissors\processed_BdMHRwUTJ4FI4uPr.png,2
../data/processed\paper\processed_Miw8prUoiVMVG2D4.png,1
../data/processed\scissors\processed_JlHdrLmHFDNY7Cy2.png,2
../data/processed\rock\processed_Jgjf4Q4LunuuLJKq.png,0
../data/processed\scissors\processed_FSJKz70kgKxJyjjl.png,2
../data/processed\rock\processed_9txR3KPmEGdjo4A6.png,0
../data/processed\rock\processed_qCzy78clSmCmt5Uv.png,0
../data/processed\scissors\processed_IOa7xROJIqP2jRQE.png,2
../data/processed\rock\processed_7NqXwATGidLt6kZY.png,0
../data/processed\scissors\processed_0Ug54ifXRqqlZS2Z.png,2
../data/processed\paper\processed_cf9L4KKsfsFpRrYA.png,1
../data/processed\rock\processed_tMiH4tj8YffHNl0O.png,0
../data/processed\rock\processed_4ZVOE4DxJDxaysrR.png,0
../data/processed\rock\processed_86KzO2PHymh6qYQ4.png,0
../data/processed\paper\processed_54xah1BB0YTQS3Ib.png,1
../data/processed\paper\processed_ac0j8jCfz8hwpY0o.png,1
../data/processed\paper\processed_1Tt9U9SzrOm98Xtw.png,1
../data/processed\paper\processed_BoMfAmQYWtoiGHBV.png,1
../data/processed\paper\processed_y2auZRkrUIi0wvd2.png,1
../data/processed\paper\processed_LI47bUY9rR60z73q.png,1
../data/processed\rock\processed_i5FY2iOcMjYyop5u.png,0
../data/processed\scissors\processed_mfrG6yVMg6CEzoCN.png,2
../data/processed\scissors\processed_NR48QMe5e1gskpA9.png,2
../data/processed\paper\processed_EJ7cNnnea5yCEaOd.png,1
